공동활용가능여부,AI교육여부,AI교육분류,콘텐츠명,참여대상,활용예시,학문분류,주제,차시,총시간(분),제작부서,제작연도,공동활용 불가사유,저작권 보유여부
예,O,피지컬AI,로봇제어장치설계,학부생,정규수업,공학,전자회로/제어장치/소프트웨어활용/설계능력,33 ,990 ,울산·경남지역혁신플랫폼대학교육혁신본부,2020 ,해당없음,예
예,X,해당없음,사운드실험실,학부생,정규수업,예술·체육,전자음악/마이크/케이블/스피커/아날로그믹서/로직프로,30 ,864 ,교육혁신처공동교육센터,2024 ,해당없음,예
예,X,해당없음,세대를넘나드는음악여행,학부생,정규수업,예술·체육,음악사/오페라/교향곡/낭만주의음악/실내악/미국팝음악/K-POP,30 ,848 ,교육혁신처공동교육센터,2024 ,해당없음,예
예,X,해당없음,유럽미술관속명작스캔들,학부생,정규수업,예술·체육,서양미술사/레오나르도다빈치/미켈란젤로/인상주의/표현주의/미국팝아트,30 ,845 ,교육혁신처공동교육센터,2024 ,해당없음,예
예,X,해당없음,일상속웰빙을위한운동가이드,학부생,정규수업,예술·체육,맨몸운동/스쿼트/피지컬트레이닝/요가/교정요가,30 ,884 ,교육혁신처공동교육센터,2024 ,해당없음,예
예,O,디지털(생성형) AI,생성형AI이해와활용,대학원생,비교과,정보기술,chatgpt/생성형인공지능/논문아이디어생성,6 ,209 ,대학원행정실,2023 ,해당없음,예
예,X,해당없음,연구자기초소양강좌,대학원생,비교과,교양,연구윤리/연구자기초소양,17 ,489 ,대학원행정실,2023 ,해당없음,예
예,X,해당없음,프로그래밍과자료구조,학부생,정규수업,정보기술,C프로그래밍/프로그래밍기초/자료구조/알고리즘기초/컴퓨터공학기반,39 ,1125 ,항공드론혁신융합대학사업단,2023 ,해당없음,예
예,X,해당없음,항공우주학기초탐구,학부생,정규수업,기타,항공우주공학기초/항공추진/우주추진/엔진이론/항공우주입문교육,15 ,488 ,항공드론혁신융합대학사업단,2024 ,해당없음,예
예,O,피지컬AI,항공드론3D프린팅기초,학부생,정규수업,공학,3D프린팅기초/CAD설계/3D프린팅실습/부품제조기술/항공드론디자인,39 ,1125 ,항공드론혁신융합대학사업단,2024 ,해당없음,예
예,O,피지컬AI,항공드론SW패키지활용,학부생,정규수업,공학,항공드론소프트웨어/공력및구조이론/드론제어기초/신호처리응용/SW패키지활용실습,39 ,1215 ,항공드론혁신융합대학사업단,2024 ,해당없음,예
예,O,피지컬AI,항공드론CAD응용,학부생,정규수업,공학,CAD응용설계/항공드론모델링/구조및부품배치/시스템통합설계/드론설계실습,39 ,1162 ,항공드론혁신융합대학사업단,2024 ,해당없음,예
예,O,피지컬AI,항공드론SW개발및테스팅,학부생,정규수업,정보기술,항공드론소프트웨어개발/SW테스팅기초/프로그래밍언어응용/개발도구활용/항공SW실습,39 ,1182 ,항공드론혁신융합대학사업단,2024 ,해당없음,예
예,O,피지컬AI,항공드론디지털신호처리,학부생,보조강좌,공학,디지털신호처리/항공드론신호분석/필터설계/스펙트럼분석/신호처리알고리즘,39 ,1125 ,항공드론혁신융합대학사업단,2024 ,해당없음,예
예,X,해당없음,남명다큐(3부작),학부생,비교과,인문학,남명학/K-기업가정식/남명사상/실천적선비정신,3 ,30 ,울산·경남지역혁신플랫폼대학교육혁신본부,2024 ,해당없음,예
예,X,해당없음,기업가치를읽는필수회계지식,학부생,비교과,사회과학,재무분석/의사결정/재무정보/경영환경,10 ,100 ,울산·경남지역혁신플랫폼대학교육혁신본부,2024 ,해당없음,예
예,X,해당없음,사장의철학,학부생,비교과,사회과학,소기업경영/경영철학/사업운영/사장의철학,9 ,90 ,울산·경남지역혁신플랫폼대학교육혁신본부,2024 ,해당없음,예
예,X,해당없음,메타인지의힘,학부생,비교과,융복합,메타인지/디지털환경/지식의유효기간/앎에대한지각/인공지능,10 ,100 ,울산·경남지역혁신플랫폼대학교육혁신본부,2024 ,해당없음,예
예,X,해당없음,한국창업생태계의모습,학부생,비교과,융복합,창업생태계/기업가정신/한국창업환경/주요이슈/기업성장,6 ,60 ,울산·경남지역혁신플랫폼대학교육혁신본부,2024 ,해당없음,예
예,X,해당없음,K-기업가정신의원류를찾아서,학부생,비교과,융복합,K-기업가정신/한국경제/혁신과성장/인간중심,8 ,80 ,울산·경남지역혁신플랫폼대학교육혁신본부,2024 ,해당없음,예
예,X,해당없음,나만의커리어설계법,학부생,비교과,교양,개인전문성/자기만의트랙/커리어전략/산업동향분석/시장주도권/조직성장,10 ,100 ,울산·경남지역혁신플랫폼대학교육혁신본부,2024 ,해당없음,예
예,X,해당없음,남명사상의현대적계승과기업가정신,학부생,비교과,인문학,남명조식/실천적선비정신/K-기업가정신/남명사상/한국적가치,4 ,40 ,울산·경남지역혁신플랫폼대학교육혁신본부,2024 ,해당없음,예
예,X,해당없음,혁신가삼성이병철회장,학부생,비교과,사회과학,이병철회장/시대통찰력/한국산업역사/리더십/기업경영,6 ,60 ,울산·경남지역혁신플랫폼대학교육혁신본부,2024 ,해당없음,예
예,X,해당없음,경영인이알아야할윤리경영,학부생,비교과,사회과학,윤리경영/사회적책임/지속가능한성장/소비자관심사,5 ,50 ,울산·경남지역혁신플랫폼대학교육혁신본부,2024 ,해당없음,예
예,X,해당없음,누구나쉽게이해하는금융,학부생,비교과,사회과학,금융/기업가/창의력/도전정신/금융의역사/경제생활/기업활동,10 ,100 ,울산·경남지역혁신플랫폼대학교육혁신본부,2024 ,해당없음,예
예,X,해당없음,공존을위한리더의언어,학부생,비교과,사회과학,대화격률/때와장소에맞는언어/이미지구축/주장관철/동의얻기/사회생활기본소양/소통능력향상,5 ,50 ,울산·경남지역혁신플랫폼대학교육혁신본부,2024 ,해당없음,예
예,X,해당없음,창의는어디서오는가,학부생,비교과,융복합,창의력/창의적사고/창의성/일상적용/실제사례,10 ,100 ,울산·경남지역혁신플랫폼대학교육혁신본부,2024 ,해당없음,예
예,X,해당없음,가정경영을통해본남명학의기업가정신:망우당곽재우와단목마을진양하씨가를중심으로,학부생,비교과,인문학,남명학/곽재우/경영의방식과철학/역사문화적요소,4 ,40 ,울산·경남지역혁신플랫폼대학교육혁신본부,2024 ,해당없음,예
예,X,해당없음,K컨버전스시대의콘텐츠마케팅,학부생,비교과,사회과학,IT알고리즘/취향기반커뮤니티/콘텐츠마케팅/기업브랜딩,10 ,100 ,울산·경남지역혁신플랫폼대학교육혁신본부,2024 ,해당없음,예
예,X,해당없음,남명에서북촌5인방까지실천적국가경영의계보,학부생,비교과,인문학,남명조식/실천적리더십/국가경영/조선사상사,10 ,100 ,울산·경남지역혁신플랫폼대학교육혁신본부,2024 ,해당없음,예
예,X,해당없음,창업교육,학부생,비교과,융복합,창업교육/주도성/과학적접근/고객중심/리더십/동기부여,6 ,60 ,울산·경남지역혁신플랫폼대학교육혁신본부,2024 ,해당없음,예
예,X,해당없음,요즘시대성장하는법,학부생,비교과,사회과학,성장마인드셋/비즈니스생존/성장습관/자기계발,10 ,100 ,울산·경남지역혁신플랫폼대학교육혁신본부,2024 ,해당없음,예
예,X,해당없음,비즈니스이미지관리,학부생,비교과,교양,자기다움/자아이미지/소통능력/이미지경영/삶의질향상,10 ,100 ,울산·경남지역혁신플랫폼대학교육혁신본부,2024 ,해당없음,예
예,X,해당없음,경남의기업가정신과남명학,학부생,비교과,사회과학,남명조식/한국기업가정신/영남실천유학/사상적근원,4 ,40 ,울산·경남지역혁신플랫폼대학교육혁신본부,2024 ,해당없음,예
예,X,해당없음,북인의사상과남명학의계승,학부생,비교과,인문학,북인사상/남명학/실천사상/K-기업가정신,4 ,40 ,울산·경남지역혁신플랫폼대학교육혁신본부,2024 ,해당없음,예
예,X,해당없음,ESG경영이란무엇인가,학부생,비교과,사회과학,ESG경영/미래기업전략/ESG적용법/조직별ESG,6 ,60 ,울산·경남지역혁신플랫폼대학교육혁신본부,2024 ,해당없음,예
예,X,해당없음,지속가능한브랜드관리철학,학부생,비교과,사회과학,사회적기업/사회적가치/수익창출/사회기여,6 ,60 ,울산·경남지역혁신플랫폼대학교육혁신본부,2024 ,해당없음,예
예,X,해당없음,청년창업의모든것,학부생,비교과,사회과학,창업/예비창업자/비즈니스아이템/기업가정신/초보창업가,2 ,20 ,울산·경남지역혁신플랫폼대학교육혁신본부,2024 ,해당없음,예
예,X,해당없음,일본강소기업의역사,학부생,비교과,사회과학,일본기업/장수기업/강소기업/기업생존전략,8 ,80 ,울산·경남지역혁신플랫폼대학교육혁신본부,2024 ,해당없음,예
예,X,해당없음,내가경험한LG21년,학부생,비교과,사회과학,LG기업/LG기업역사/기업경영/인재,11 ,110 ,울산·경남지역혁신플랫폼대학교육혁신본부,2024 ,해당없음,예
예,X,해당없음,"기업가정신,앙트러프러너십-기업현대를중심으로",학부생,비교과,사회과학,정주영회장/현대그룹/기업가정신/도전정신/혁신/기업성장,10 ,100 ,울산·경남지역혁신플랫폼대학교육혁신본부,2024 ,해당없음,예
예,X,해당없음,경영인이알아야할기후환경,학부생,비교과,사회과학,기후위기/기업성장률/사회경제적변화/국가대응/기업생존전략,5 ,50 ,울산·경남지역혁신플랫폼대학교육혁신본부,2024 ,해당없음,예
예,O,AI기본개념,"AI시대,일자리의미래",학부생,비교과,정보기술,생성형AI/일의미래/패러다임전환/미래대응전략,10 ,100 ,울산·경남지역혁신플랫폼대학교육혁신본부,2024 ,해당없음,예
예,X,해당없음,"SK의역사최종건,최종현형제",학부생,비교과,사회과학,SK그룹/기업가정신/최종건/최종현/기업형성과정,10 ,100 ,울산·경남지역혁신플랫폼대학교육혁신본부,2024 ,해당없음,예
예,X,해당없음,효성의역사조홍제창업주,학부생,비교과,사회과학,효성그룹/조홍제/기업가정신/기업형성과정,10 ,100 ,울산·경남지역혁신플랫폼대학교육혁신본부,2024 ,해당없음,예
예,X,해당없음,논어를통해배우는리더십,학부생,비교과,사회과학,논어/군신관계/국가조직/조직론/조직심리학/현대조직사회,10 ,100 ,울산·경남지역혁신플랫폼대학교육혁신본부,2024 ,해당없음,예
예,X,해당없음,정답없는세상에서리더로성장하기,학부생,비교과,사회과학,불확실성의시대/미래리더/미래리더십/핵심역량/글로벌기업/리더십개발,10 ,100 ,울산·경남지역혁신플랫폼대학교육혁신본부,2024 ,해당없음,예
예,X,해당없음,나만의길을개척하는방법'창직과창업',학부생,비교과,사회과학,창직/창업/도전과혁신/성공비결,3 ,30 ,울산·경남지역혁신플랫폼대학교육혁신본부,2024 ,해당없음,예
예,X,해당없음,미래를이끌기술경영,학부생,비교과,공학,기술경영/4차산업혁명/기술경영개념/주요이슈,6 ,60 ,울산·경남지역혁신플랫폼대학교육혁신본부,2024 ,해당없음,예
예,X,해당없음,남명학과경영학의만남,학부생,비교과,사회과학,남명학/경영학/K-기업가정신/기업가정신원류,8 ,80 ,울산·경남지역혁신플랫폼대학교육혁신본부,2024 ,해당없음,예
예,O,AI기본개념,AI가만드는새로운세상,학부생,비교과,정보기술,AI기술/인공지능기술트렌드/창의적혁신/AI기반통찰력,6 ,60 ,울산·경남지역혁신플랫폼대학교육혁신본부,2024 ,해당없음,예
예,X,해당없음,당신이몰랐던금융의역사,학부생,비교과,사회과학,금융의역사/현대경제/돈의정체/철학/인류문명사,10 ,100 ,울산·경남지역혁신플랫폼대학교육혁신본부,2024 ,해당없음,예
예,X,해당없음,기술경영과기술혁신,학부생,비교과,공학,기술혁신/부의창출/경쟁력/기술의본질,10 ,100 ,울산·경남지역혁신플랫폼대학교육혁신본부,2024 ,해당없음,예
예,X,해당없음,좋은스타트업에투자하는방법,학부생,비교과,사회과학,스타트업투자/엔젤투자/벤처투자/투자관점,3 ,30 ,울산·경남지역혁신플랫폼대학교육혁신본부,2024 ,해당없음,예
예,X,해당없음,글로벌창업생태계,학부생,비교과,사회과학,글로벌창업생태계/국가경쟁/스타트업해외진출/글로벌개방성,6 ,60 ,울산·경남지역혁신플랫폼대학교육혁신본부,2024 ,해당없음,예
예,X,해당없음,USG공유대학과함께하는청년지켜!지방방위대,지역민,비교과,사회과학,공동체혁신/지역전문가/지역이해/진로탐색,17 ,680 ,울산·경남지역혁신플랫폼대학교육혁신본부,2024 ,해당없음,예
예,X,해당없음,경남·울산의지역경제와전략산업(강의형),학부생,비교과,인문학,지역산업/경제정책/기업지원/울산·경남,30 ,750 ,울산·경남지역혁신플랫폼대학교육혁신본부,2024 ,해당없음,예
예,X,해당없음,경남·울산의지역특화산업(강의형),학부생,비교과,인문학,지역특화/향토산업/지역정책/경남울산,30 ,750 ,울산·경남지역혁신플랫폼대학교육혁신본부,2024 ,해당없음,예
예,X,해당없음,경남·울산의지역사회와지방자치(강의형),학부생,비교과,사회과학,지방자치/도시재생/혁신도시/지역균형,30 ,750 ,울산·경남지역혁신플랫폼대학교육혁신본부,2024 ,해당없음,예
예,X,해당없음,경남·울산의관광목적지의매력성(강의형),학부생,비교과,인문학,지역관광/관광산업/관광콘텐츠/관광전략,30 ,750 ,울산·경남지역혁신플랫폼대학교육혁신본부,2024 ,해당없음,예
예,X,해당없음,경남·울산의농림수산업(강의형),학부생,비교과,농림수산,농림수산/지역산업/농업정책/경남울산,30 ,750 ,울산·경남지역혁신플랫폼대학교육혁신본부,2024 ,해당없음,예
예,X,해당없음,경남·울산의문화와예술(강의형),학부생,비교과,인문학,지역관광/문화예술/관광콘텐츠/관광전략,30 ,750 ,울산·경남지역혁신플랫폼대학교육혁신본부,2024 ,해당없음,예
예,X,해당없음,경남·울산의역사와문화유산(강의형),학부생,비교과,인문학,문화유산/지역역사/경남울산/건축,30 ,750 ,울산·경남지역혁신플랫폼대학교육혁신본부,2024 ,해당없음,예
예,X,해당없음,경남·울산의정신(강의형),학부생,비교과,인문학,경남역사/경남정신/역사인물/문화유산,30 ,750 ,울산·경남지역혁신플랫폼대학교육혁신본부,2024 ,해당없음,예
예,X,해당없음,경남·울산의지질환경(강의형),학부생,비교과,자연과학,지질환경/생태관광/지역지질/경남울산,30 ,750 ,울산·경남지역혁신플랫폼대학교육혁신본부,2024 ,해당없음,예
예,X,해당없음,경남·울산의공기업과공공산업(강의형),학부생,비교과,사회과학,공공산업/공공기관/채용제도/경남울산,30 ,750 ,울산·경남지역혁신플랫폼대학교육혁신본부,2024 ,해당없음,예
예,X,해당없음,경남·울산의지역경제와전략산업(숏폼형),학부생,비교과,인문학,지역산업/경제정책/기업지원/울산·경남,32 ,320 ,울산·경남지역혁신플랫폼대학교육혁신본부,2024 ,해당없음,예
예,X,해당없음,경남·울산의지역특화산업(숏폼형),학부생,비교과,인문학,지역특화/향토산업/지역정책/경남울산,48 ,480 ,울산·경남지역혁신플랫폼대학교육혁신본부,2024 ,해당없음,예
예,X,해당없음,경남·울산의지역사회와지방자치(숏폼형),학부생,비교과,사회과학,지방자치/도시재생/혁신도시/지역균형,40 ,400 ,울산·경남지역혁신플랫폼대학교육혁신본부,2024 ,해당없음,예
예,X,해당없음,경남·울산의관광목적지의매력성(숏폼형),학부생,비교과,인문학,지역관광/관광산업/관광콘텐츠/관광전략,31 ,310 ,울산·경남지역혁신플랫폼대학교육혁신본부,2024 ,해당없음,예
예,X,해당없음,경남·울산의농림수산업(숏폼형),학부생,비교과,농림수산,농림수산/지역산업/농업정책/경남울산,40 ,400 ,울산·경남지역혁신플랫폼대학교육혁신본부,2024 ,해당없음,예
예,X,해당없음,경남·울산의문화와예술(숏폼형),학부생,비교과,인문학,지역관광/문화예술/관광콘텐츠/관광전략,42 ,420 ,울산·경남지역혁신플랫폼대학교육혁신본부,2024 ,해당없음,예
예,X,해당없음,경남·울산의역사와문화유산(숏폼형),학부생,비교과,인문학,문화유산/지역역사/경남울산/건축,47 ,470 ,울산·경남지역혁신플랫폼대학교육혁신본부,2024 ,해당없음,예
예,X,해당없음,경남·울산의정신(숏폼형),학부생,비교과,인문학,경남역사/경남정신/역사인물/문화유산,46 ,460 ,울산·경남지역혁신플랫폼대학교육혁신본부,2024 ,해당없음,예
예,X,해당없음,"경남·울산의자연,생태,환경(숏폼형)",학부생,비교과,자연과학,지질환경/생태관광/지역지질/경남울산,40 ,400 ,울산·경남지역혁신플랫폼대학교육혁신본부,2024 ,해당없음,예
예,X,해당없음,경남·울산의공기업과공공산업(숏폼형),학부생,비교과,사회과학,공공산업/공공기관/채용제도/경남울산,37 ,370 ,울산·경남지역혁신플랫폼대학교육혁신본부,2024 ,해당없음,예
예,X,해당없음,경남·울산지역학다큐멘터리,학부생,비교과,인문학,지역학/다큐멘터리/경남울산/문화콘텐츠,10 ,100 ,울산·경남지역혁신플랫폼대학교육혁신본부,2024 ,해당없음,예
예,X,해당없음,로컬창업성장아카데미,학부생,비교과,융복합,로컬창업/지역사회/비즈니스모델/자아실현,5 ,50 ,울산·경남지역혁신플랫폼대학교육혁신본부,2025 ,해당없음,예
예,X,해당없음,통영에서공유경제를외치다,학부생,비교과,사회과학,공유경제/ESG경영/유휴자원/통영,5 ,50 ,울산·경남지역혁신플랫폼대학교육혁신본부,2025 ,해당없음,예
예,X,해당없음,이모빌리티지역창업의가능성,학부생,비교과,융복합,이모빌리티/지역창업/지방소멸/자립형창업,5 ,50 ,울산·경남지역혁신플랫폼대학교육혁신본부,2025 ,해당없음,예
예,X,해당없음,LHMan의꿈꾸는청춘,학부생,비교과,교양,티핑포인트/자존감/자기계발/라이프스타일,5 ,50 ,울산·경남지역혁신플랫폼대학교육혁신본부,2025 ,해당없음,예
예,X,해당없음,통영의청년활력부스터!,학부생,비교과,사회과학,지방소멸/청년정책/인구유출/통영,5 ,50 ,울산·경남지역혁신플랫폼대학교육혁신본부,2025 ,해당없음,예
예,O,피지컬AI,드론의활용과미래,학부생,비교과,공학,드론/4차산업혁명/미래기술/로봇,5 ,50 ,울산·경남지역혁신플랫폼대학교육혁신본부,2025 ,해당없음,예
예,X,해당없음,새로운시대를이끄는융합형인재,학부생,비교과,융복합,융합인재/가능성/도전/자기계발,5 ,50 ,울산·경남지역혁신플랫폼대학교육혁신본부,2025 ,해당없음,예
예,X,해당없음,내삶과취업은어디로향해야하나,학부생,비교과,교양,진로계획/삶의목표/취업/자기계발,5 ,50 ,울산·경남지역혁신플랫폼대학교육혁신본부,2025 ,해당없음,예
예,X,해당없음,괜찮아내가세상을구할것도아니고,학부생,비교과,사회과학,청년세대/불안/사회문제/라이프스타일,5 ,50 ,울산·경남지역혁신플랫폼대학교육혁신본부,2025 ,해당없음,예
예,X,해당없음,로컬프로N잡러,학부생,비교과,사회과학,청년유출/지역소멸/N잡러/로컬크리에이터,5 ,50 ,울산·경남지역혁신플랫폼대학교육혁신본부,2025 ,해당없음,예
예,X,해당없음,경남에서의진로탐색과행복한삶을위한전략,학부생,비교과,교양,진로탐색/지역정착/직업성장/행복한삶,5 ,50 ,울산·경남지역혁신플랫폼대학교육혁신본부,2025 ,해당없음,예
예,X,해당없음,우주시대를여는항공SW개발,학부생,비교과,정보기술,소프트웨어개발/우주항공/지방정착/성장스토리,5 ,50 ,울산·경남지역혁신플랫폼대학교육혁신본부,2025 ,해당없음,예
예,X,해당없음,The달콤한화니미야(농장)이야기,학부생,비교과,농림수산,귀농/농장경영/지역농업/농업생태,5 ,50 ,울산·경남지역혁신플랫폼대학교육혁신본부,2025 ,해당없음,예
예,X,해당없음,경남은내가지킨다!,학부생,비교과,사회과학,경찰/직업/경력개발/경남,5 ,50 ,울산·경남지역혁신플랫폼대학교육혁신본부,2025 ,해당없음,예
예,X,해당없음,실감형콘텐츠동향및미래,학부생,비교과,융복합,감형콘텐츠/콘텐츠기획/인프라구축/미래기술,5 ,50 ,울산·경남지역혁신플랫폼대학교육혁신본부,2025 ,해당없음,예
예,X,해당없음,지역에서살아남기나를브랜딩하라,학부생,비교과,교양,개인브랜딩/로컬브랜딩/자기계발/지역활용,5 ,50 ,울산·경남지역혁신플랫폼대학교육혁신본부,2025 ,해당없음,예
예,X,해당없음,로컬관광크리에이터,학부생,비교과,융복합,로컬관광/로컬크리에이터/창업/지역재생,5 ,50 ,울산·경남지역혁신플랫폼대학교육혁신본부,2025 ,해당없음,예
예,X,해당없음,"지역환경예술가,스타트업대표가되다",학부생,비교과,융복합,환경예술가/스타트업/로컬창업/경남울산,5 ,50 ,울산·경남지역혁신플랫폼대학교육혁신본부,2025 ,해당없음,예
예,X,해당없음,아날로그를팝니다,학부생,비교과,융복합,로컬창업/귀농귀촌/역귀향/성장스토리,5 ,50 ,울산·경남지역혁신플랫폼대학교육혁신본부,2025 ,해당없음,예
예,X,해당없음,3D프린트창업도전기in울산,학부생,비교과,융복합,3D프린트/로컬창업/지역정착/창업성공,5 ,50 ,울산·경남지역혁신플랫폼대학교육혁신본부,2025 ,해당없음,예
예,X,해당없음,경남MICE산업의이해와취업전략,학부생,비교과,사회과학,MICE산업/취업전략/직무분석/PCO,5 ,50 ,울산·경남지역혁신플랫폼대학교육혁신본부,2025 ,해당없음,예
예,X,해당없음,"디지털K-콘텐츠,경남지역에서시작하다",학부생,비교과,융복합,K-콘텐츠/디지털기술/창의산업/경남지역,5 ,50 ,울산·경남지역혁신플랫폼대학교육혁신본부,2025 ,해당없음,예
예,X,해당없음,"서울태생공대생,한복입고울산을누비다",학부생,비교과,융복합,한복/로컬크리에이터/창업스토리/융합인재,5 ,50 ,울산·경남지역혁신플랫폼대학교육혁신본부,2025 ,해당없음,예
예,X,해당없음,다문화가족과차(아)차(별)차(원)경남만들기,학부생,비교과,사회과학,다문화가족/사회문제/차별/지역사회,5 ,50 ,울산·경남지역혁신플랫폼대학교육혁신본부,2025 ,해당없음,예
예,X,해당없음,"통영과나의연결고리,디자인비누공방",학부생,비교과,융복합,디자인비누/공방창업/지역창업/진로개척,5 ,50 ,울산·경남지역혁신플랫폼대학교육혁신본부,2025 ,해당없음,예
예,X,해당없음,공기업취업AtoZ,학부생,비교과,교양,공기업/공공기관/취업전략/경남,5 ,50 ,울산·경남지역혁신플랫폼대학교육혁신본부,2025 ,해당없음,예
예,X,해당없음,예비공무원들을위한공직소개,학부생,비교과,사회과학,공공산업/공공기관/채용제도/경남울산,5 ,50 ,울산·경남지역혁신플랫폼대학교육혁신본부,2025 ,해당없음,예
예,X,해당없음,"글로벌국제통상의수문장,관세사",학부생,비교과,사회과학,국제무역/수출입/관세사/무역실무,5 ,50 ,울산·경남지역혁신플랫폼대학교육혁신본부,2025 ,해당없음,예
예,X,해당없음,지역공기업에서워라밸성취!,학부생,비교과,교양,워라밸/공기업/취업전략/경력개발,5 ,50 ,울산·경남지역혁신플랫폼대학교육혁신본부,2025 ,해당없음,예
예,X,해당없음,"다양한경험,부캐로살아남기",학부생,비교과,정보기술,개인브랜드/SNS마케팅/디지털전환/부캐,5 ,50 ,울산·경남지역혁신플랫폼대학교육혁신본부,2025 ,해당없음,예
예,X,해당없음,디지털대전환시대에교육이나아갈길,학부생,비교과,교육학,디지털전환/학교변화/미래교육/교육정책,5 ,50 ,울산·경남지역혁신플랫폼대학교육혁신본부,2025 ,해당없음,예
예,X,해당없음,꿀벌과함께만들어가는아름다운세상,학부생,비교과,농림수산,양봉업/꿀벌보호/지역사회/지속가능성,5 ,50 ,울산·경남지역혁신플랫폼대학교육혁신본부,2025 ,해당없음,예
예,X,해당없음,통영에서로컬콘텐츠제작으로성공하기,학부생,비교과,인문학,로컬콘텐츠/관광상품/통영/여행,5 ,50 ,울산·경남지역혁신플랫폼대학교육혁신본부,2025 ,해당없음,예
예,X,해당없음,"성장하는사람들의비밀,기업이원하는인재되기",학부생,비교과,사회과학,인재상/자기계발/취업전략/지속가능성,5 ,50 ,울산·경남지역혁신플랫폼대학교육혁신본부,2025 ,해당없음,예
예,X,해당없음,"전통을잇고,미래를설계하는청년국악인이야기",학부생,비교과,예술·체육,청년국악인/전통/음악/진로설계,5 ,50 ,울산·경남지역혁신플랫폼대학교육혁신본부,2025 ,해당없음,예
예,X,해당없음,모두가부러워하는시간부자크리에이터,학부생,비교과,사회과학,시간관리/디지털노마드/직장생활/라이프스타일,5 ,50 ,울산·경남지역혁신플랫폼대학교육혁신본부,2025 ,해당없음,예
예,X,해당없음,사람과미래를조각하는삶의예술가,학부생,비교과,교육학,초등교사/교직생활/교육가치/삶의예술,5 ,50 ,울산·경남지역혁신플랫폼대학교육혁신본부,2025 ,해당없음,예
예,X,해당없음,지역의균형발전은가장먼곳에서시작된다.,학부생,비교과,사회과학,지역재생/지역균형/섬지역/지방소멸,5 ,50 ,울산·경남지역혁신플랫폼대학교육혁신본부,2025 ,해당없음,예
예,X,해당없음,거제주민과마음으로소통하는미술심리상담사,학부생,비교과,사회과학,미술심리/심리상담/지역사회/거제,5 ,50 ,울산·경남지역혁신플랫폼대학교육혁신본부,2025 ,해당없음,예
예,X,해당없음,울산청년들의로컬창업생존전략,학부생,비교과,융복합,로컬창업/울산청년/창업전략/지역정착,5 ,50 ,울산·경남지역혁신플랫폼대학교육혁신본부,2025 ,해당없음,예
예,X,해당없음,제조업에도입되는인공지능,학부생,비교과,공학,제조업/인공지능/산업혁신/기술동향,5 ,50 ,울산·경남지역혁신플랫폼대학교육혁신본부,2025 ,해당없음,예
예,X,해당없음,"무모한도전,성공을만드는밑거름",학부생,비교과,교양,도전정신/성공/목표/자기계발,5 ,50 ,울산·경남지역혁신플랫폼대학교육혁신본부,2025 ,해당없음,예
예,X,해당없음,"경남에서교사로살아가기,보람과행복의이야기",학부생,비교과,교육학,교직생활/교사/교직/경남,5 ,50 ,울산·경남지역혁신플랫폼대학교육혁신본부,2025 ,해당없음,예
예,X,해당없음,청년이만드는경남의미래,학부생,비교과,사회과학,청년정책/지역사회/진로설계/경남울산,5 ,50 ,울산·경남지역혁신플랫폼대학교육혁신본부,2025 ,해당없음,예
예,X,해당없음,미래형예비관광업종사자의준비및과정,학부생,비교과,사회과학,스마트관광/관광업/관광마케팅/미래형인재,5 ,50 ,울산·경남지역혁신플랫폼대학교육혁신본부,2025 ,해당없음,예
예,X,해당없음,지방이대한민국의미래이다,학부생,비교과,사회과학,지방소멸/수도권집중/지역균형/미래성장동력,5 ,50 ,울산·경남지역혁신플랫폼대학교육혁신본부,2025 ,해당없음,예
예,X,해당없음,"울산청년,캐릭터아티스트가되다",학부생,비교과,예술·체육,캐릭터/아티스트/자기계발/목표설정,5 ,50 ,울산·경남지역혁신플랫폼대학교육혁신본부,2025 ,해당없음,예
예,X,해당없음,내지역에서일자리찾고정주하자!,학부생,비교과,교양,일자리/지역정주/진로탐색/자기성장,5 ,50 ,울산·경남지역혁신플랫폼대학교육혁신본부,2025 ,해당없음,예
예,X,해당없음,청년창업이만들어내는지역의새로운성장,학부생,비교과,융복합,청년창업/지역성장/지속가능성/지역자원,5 ,50 ,울산·경남지역혁신플랫폼대학교육혁신본부,2025 ,해당없음,예
예,X,해당없음,나의이웃이나의고객,학부생,비교과,융복합,지역창업/로컬비즈니스/창업성공/이웃,5 ,50 ,울산·경남지역혁신플랫폼대학교육혁신본부,2025 ,해당없음,예
예,X,해당없음,경남에서시작된세무사의길,학부생,비교과,교양,전문자격증/미래설계/경력개발/진로설계,5 ,50 ,울산·경남지역혁신플랫폼대학교육혁신본부,2025 ,해당없음,예
예,X,해당없음,그어렵고도매력적인영유아교육,학부생,비교과,교육학,영유아교육/영유아교사/Z세대/직업성장,5 ,50 ,울산·경남지역혁신플랫폼대학교육혁신본부,2025 ,해당없음,예
예,X,해당없음,위기에서기회를!나만의터닝포인트만들기,학부생,비교과,교양,위기극복/터닝포인트/습관형성/자기계발,5 ,50 ,울산·경남지역혁신플랫폼대학교육혁신본부,2025 ,해당없음,예
예,X,해당없음,인생을바꾸는나만의기준찾기,학부생,비교과,교양,삶의가치/인생설계/자기계발/기준,5 ,50 ,울산·경남지역혁신플랫폼대학교육혁신본부,2025 ,해당없음,예
예,X,해당없음,퍼스널브랜드:나만할수있는이야기를쌓자,학부생,비교과,교양,퍼스널브랜드/개인정체성/자기계발/지역성,5 ,50 ,울산·경남지역혁신플랫폼대학교육혁신본부,2025 ,해당없음,예
예,X,해당없음,심장이뛰면뇌는잠들지않는다,학부생,비교과,교양,한계극복/인생로드맵/생명의가치/인생의로드맵,5 ,50 ,울산·경남지역혁신플랫폼대학교육혁신본부,2025 ,해당없음,예
예,X,해당없음,지속가능한미래를여는지역환경전문가,학부생,비교과,융복합,지속가능성/환경전문가/개인성장/사회공헌,5 ,50 ,울산·경남지역혁신플랫폼대학교육혁신본부,2025 ,해당없음,예
예,X,해당없음,지식재산권기반의경영사례,학부생,비교과,사회과학,지식재산권/경영사례/장생도라지/브랜드,5 ,50 ,울산·경남지역혁신플랫폼대학교육혁신본부,2025 ,해당없음,예
예,X,해당없음,지역기반스토리텔링크리에이터길찾기(웹툰콘텐츠를중심으로),학부생,비교과,인문학,스토리텔링/웹툰/지역콘텐츠/크리에이터,5 ,50 ,울산·경남지역혁신플랫폼대학교육혁신본부,2025 ,해당없음,예
예,X,해당없음,지방의한계를보란듯이이겨낸진주IT기업,학부생,비교과,교양,지방정착/꿈실현/자기계발/진로설계,5 ,50 ,울산·경남지역혁신플랫폼대학교육혁신본부,2025 ,해당없음,예
예,X,해당없음,문학을통한다양한진로와행복한미래,학부생,비교과,인문학,문학/진로탐색/인문학/미래설계,5 ,50 ,울산·경남지역혁신플랫폼대학교육혁신본부,2025 ,해당없음,예
예,X,해당없음,지역에서국가공인전문가로살기,학부생,비교과,교양,전문가/지역성장/경력개발/역할,5 ,50 ,울산·경남지역혁신플랫폼대학교육혁신본부,2025 ,해당없음,예
예,X,해당없음,행복한삶을위한청년성장로드맵,학부생,비교과,교육학,청년성장/진로탐색/직업교육/경남울산,5 ,50 ,울산·경남지역혁신플랫폼대학교육혁신본부,2025 ,해당없음,예
예,X,해당없음,규제샌드박스제도를활용한혁신스타트업창업과정,학부생,비교과,융복합,규제샌드박스/스타트업/신시장개척/플랫폼,5 ,50 ,울산·경남지역혁신플랫폼대학교육혁신본부,2025 ,해당없음,예
예,X,해당없음,청년예술가와로컬크리에이터,학부생,비교과,융복합,청년예술가/로컬크리에이터/창의산업/지역문화,5 ,50 ,울산·경남지역혁신플랫폼대학교육혁신본부,2025 ,해당없음,예
예,X,해당없음,나를알아야콘텐츠를만든다,학부생,비교과,융복합,개인브랜딩/로컬크리에이터/창업/융복합,5 ,50 ,울산·경남지역혁신플랫폼대학교육혁신본부,2025 ,해당없음,예
예,X,해당없음,패션·인테리어디자이너의길,학부생,비교과,예술·체육,패션/인테리어/디자이너/다분야,5 ,50 ,울산·경남지역혁신플랫폼대학교육혁신본부,2025 ,해당없음,예
예,X,해당없음,지역자원을활용한산림레포츠의새로운패러다임,학부생,비교과,농림수산,산림레포츠/산림자원/지역일자리/임업,5 ,50 ,울산·경남지역혁신플랫폼대학교육혁신본부,2025 ,해당없음,예
예,X,해당없음,"드론으로여는미래,지역에서나만의길을찾다",학부생,비교과,공학,드론/미래기술/지역산업/진로탐색,5 ,50 ,울산·경남지역혁신플랫폼대학교육혁신본부,2025 ,해당없음,예
예,X,해당없음,로컬의재발견,학부생,비교과,교양,로컬/지역활용/기회/인식변화,5 ,50 ,울산·경남지역혁신플랫폼대학교육혁신본부,2025 ,해당없음,예
예,X,해당없음,내일을만드는N잡러의길,학부생,비교과,교양,N잡러/지속가능성/직업적응/삶의방향,5 ,50 ,울산·경남지역혁신플랫폼대학교육혁신본부,2025 ,해당없음,예
예,X,해당없음,경남에서콘텐츠로날다,학부생,비교과,융복합,콘텐츠사업/창업/기업소개/경남,5 ,50 ,울산·경남지역혁신플랫폼대학교육혁신본부,2025 ,해당없음,예
예,X,해당없음,지역기반도시재생과청년의역할,학부생,비교과,사회과학,도시재생/지방소멸/로컬콘텐츠/청년인재,5 ,50 ,울산·경남지역혁신플랫폼대학교육혁신본부,2025 ,해당없음,예
예,X,해당없음,글로벌투자전문가(IB:investmentbanker)되기!,학부생,비교과,사회과학,투자은행/국제금융/재무관리/투자전문가,5 ,50 ,울산·경남지역혁신플랫폼대학교육혁신본부,2025 ,해당없음,예
예,X,해당없음,"로컬창업과지속가능성,새로운길을열다",학부생,비교과,융복합,로컬창업/지속가능성/기후위기/인생설계,5 ,50 ,울산·경남지역혁신플랫폼대학교육혁신본부,2025 ,해당없음,예
예,X,해당없음,K-Food하동에서탄생하다,학부생,비교과,융복합,K-Food/로컬기업/식품산업/하동,5 ,50 ,울산·경남지역혁신플랫폼대학교육혁신본부,2025 ,해당없음,예
예,X,해당없음,"찐문과생,어린이코딩교육회사대표가되다",학부생,비교과,융복합,코딩교육/스타트업/창업/융합인재,5 ,50 ,울산·경남지역혁신플랫폼대학교육혁신본부,2025 ,해당없음,예
예,X,해당없음,지역을변화시키는문화브랜딩의힘,학부생,비교과,인문학,문화브랜딩/로컬크리에이터/문화콘텐츠/지역재생,5 ,50 ,울산·경남지역혁신플랫폼대학교육혁신본부,2025 ,해당없음,예
예,X,해당없음,책과진주에서길을찾다,학부생,비교과,인문학,진주/지역탐방/현실적용/독서,5 ,50 ,울산·경남지역혁신플랫폼대학교육혁신본부,2025 ,해당없음,예
예,X,해당없음,로컬크리에이더로살아가는방법,학부생,비교과,융복합,로컬크리에이터/콘텐츠기획/브랜드구축/수익화,5 ,50 ,울산·경남지역혁신플랫폼대학교육혁신본부,2025 ,해당없음,예
예,X,해당없음,세상을연결하는진로,학부생,"비교과, 정규수업",교양,진로/진로발달/진로상담/진로교육/직업/직업상담,39 ,1184 ,울산·경남대학원격교육지원센터,2020 ,해당없음,예
예,X,해당없음,직업윤리,학부생,"비교과, 정규수업",교양,직업/직업윤리/기업윤리,26 ,729 ,울산·경남대학원격교육지원센터,2020 ,해당없음,예
예,X,해당없음,재미있게이해하는글로벌핫이슈,학부생,"비교과, 정규수업",사회과학,글로벌이슈/위협요인분석/대응방안/국제정세/미래전망,90 ,1386 ,울산·경남대학원격교육지원센터,2021 ,해당없음,예
예,X,해당없음,요리에담긴중국정치와외교,학부생,"비교과, 정규수업",사회과학,중국정치/외교관계/한중관계/정치경제/문화이해,84 ,848 ,울산·경남대학원격교육지원센터,2021 ,해당없음,예
예,X,해당없음,지속가능발전목표(SDGs)의이해와실천,학부생,"비교과, 정규수업",교양,지속가능발전/SDGs/글로벌마인드/청년역할/국제협력,30 ,435 ,울산·경남대학원격교육지원센터,2021 ,해당없음,예
예,O,AI기본개념,인문·사회계열학생을위한GAS활용,학부생,"비교과, 정규수업",정보기술,GAS활용/코딩기초/디지털리터러시/인문사회기술융합/구글스크립트,75 ,819 ,울산·경남대학원격교육지원센터,2021 ,해당없음,예
예,O,피지컬AI,3차원모델링의기초및심화,학부생,"비교과, 정규수업",공학,3D모델링/인벤터/카티아/디지털트윈/4차산업혁명,52 ,746 ,울산·경남대학원격교육지원센터,2021 ,해당없음,예
예,X,해당없음,사회복지학개론,학부생,"비교과, 정규수업",사회과학,사회복지/사회변화/복지정책/사회문제대응/복지행정,52 ,723 ,울산·경남대학원격교육지원센터,2021 ,해당없음,예
예,O,피지컬AI,4차산업혁명(협동로봇운용),학부생,"비교과, 정규수업",공학,협동로봇/로봇운용/인간로봇협업/산업적응력/미래노동,21 ,284 ,울산·경남대학원격교육지원센터,2021 ,해당없음,예
예,O,디지털(생성형) AI,4차산업혁명(빅데이터분석),학부생,"비교과, 정규수업",정보기술,빅데이터/데이터분석/데이터시각화/정형데이터/비정형데이터,16 ,215 ,울산·경남대학원격교육지원센터,2021 ,해당없음,예
예,X,해당없음,학습·심리결손회복프로젝트,학부생,"비교과, 정규수업",교육학,학습결손/심리지원/교육보완/코로나19/정서적지원,51 ,458 ,울산·경남대학원격교육지원센터,2021 ,해당없음,예
예,O,AI기본개념,딥러닝시스템개발을위한예측과분류알고리즘이해,학부생,"비교과, 정규수업",정보기술,딥러닝/예측알고리즘/분류알고리즘/AI개발/머신러닝,43 ,544 ,울산·경남대학원격교육지원센터,2022 ,해당없음,예
예,X,해당없음,영상콘텐츠제작의이론과실제,학부생,"비교과, 정규수업",예술·체육,영상제작/콘텐츠이론/미디어제작/디지털미디어/크리에이티브,45 ,450 ,울산·경남대학원격교육지원센터,2022 ,해당없음,예
예,X,해당없음,기본간호학실습,학부생,"비교과, 정규수업",의약학,기본간호/간호실습/NCS기초능력/의료기술/직업능력,61 ,610 ,울산·경남대학원격교육지원센터,2022 ,해당없음,예
예,X,해당없음,미용의기초(FoundationofBeauty),학부생,"비교과, 정규수업",교육학,미용기초/산업실무/전문지식/미용이론/실무능력,44 ,556 ,울산·경남대학원격교육지원센터,2022 ,해당없음,예
예,X,해당없음,역량중심채용과NCS직업기초능력,학부생,"비교과, 정규수업",교육학,NCS채용/직업기초능력/역량중심/취업준비/직업능력개발,47 ,514 ,울산·경남대학원격교육지원센터,2022 ,해당없음,예
아니오,O,피지컬AI,항공드론SW기초,학부생,보조강좌,정보기술,파이썬프로그래밍/소프트웨어개발/데이터모니터링/코딩입문/항공드론응용,20 ,588 ,항공드론혁신융합대학사업단,2023 ,콘텐츠 수업차시 부족,예
아니오,O,피지컬AI,항공그래픽스및시뮬레이션,학부생,보조강좌,공학,항공시뮬레이션/UTM이해/GCS운용/드론관제기술/UAM응용,37 ,942 ,항공드론혁신융합대학사업단,2023 ,외부교원 촬영으로 승인 불가 및 콘텐츠 수업차시 부족,예
아니오,O,피지컬AI,항공드론영상처리,학부생,보조강좌,공학,영상처리기초/드론영상분석기술/영상정보추출/화질개선기법/항공영상응용,39 ,1128 ,항공드론혁신융합대학사업단,2024 ,외부교원 촬영으로 승인 불가,예
아니오,O,피지컬AI,항공드론디지털트윈,학부생,보조강좌,융복합,디지털트윈기초/항공드론모델링/데이터수집및분석/시뮬레이션통합/가상운용시스템,39 ,1185 ,항공드론혁신융합대학사업단,2024 ,외부교원 촬영으로 승인 불가,예
아니오,O,피지컬AI,항공드론MRO기초,학부생,보조강좌,기타,항공MRO기초/상용항공기정비/고정익항공기/항공운영사례/항공산업기반지식,13 ,375 ,항공드론혁신융합대학사업단,2024 ,외부교원 촬영으로 승인 불가,예
아니오,O,피지컬AI,항공드론창업과기업가정신,학부생,보조강좌,융복합,비즈니스성공전략/항공드론창업/창의적문제해결/항공드론산업응용/창업및경영전략,13 ,375 ,항공드론혁신융합대학사업단,2024 ,외부교원 촬영으로 승인 불가,예
아니오,O,피지컬AI,UAM디지털설계,학부생,보조강좌,융복합,미래모빌리티시스템/디지털기반설계/UAM응용실습/차세대이동수단/복잡시스템설계,13 ,397 ,항공드론혁신융합대학사업단,2024 ,외부교원 촬영으로 승인 불가,예
아니오,O,해당없음,비행선박기초,학부생,보조강좌,기타,WIGCraft/미래교통체험/성능분석/설계및이론/항공우주융합기술,13 ,398 ,항공드론혁신융합대학사업단,2024 ,외부교원 촬영으로 승인 불가,예
아니오,X,해당없음,효과적인진로상담지도법,기타,활용불가,교양,"진로,취업,입사지원서,면접",4 ,220 ,학생처진로취업지원실,2025 ,콘텐츠 저작권 보호를 위해 임대용으로 제작,아니오
아니오,X,해당없음,중소기업의ESG경영,기타,활용불가,사회과학,ESG경영/중소기업/지속가능성/경영전략,33 ,330 ,울산·경남지역혁신플랫폼대학교육혁신본부,2023 ,교양 교과목 편성,예
아니오,X,해당없음,ESG경영관리,기타,활용불가,융복합,ESG/지속가능경영/경영혁신/기업가정신,30 ,300 ,울산·경남지역혁신플랫폼대학교육혁신본부,2023 ,교양 교과목 편성,예
아니오,X,해당없음,ESG와회계,기타,활용불가,사회과학,ESG/기업회계/재무보고/환경정책,45 ,450 ,울산·경남지역혁신플랫폼대학교육혁신본부,2023 ,교양 교과목 편성,예
아니오,X,해당없음,에너지와탄소중립,기타,활용불가,융복합,탄소중립/ESG/환경정책/기후변화,45 ,450 ,울산·경남지역혁신플랫폼대학교육혁신본부,2023 ,교양 교과목 편성,예
아니오,X,해당없음,건축과탄소중립,기타,활용불가,공학,탄소중립/지속가능성/저에너지건축/건축환경,45 ,450 ,울산·경남지역혁신플랫폼대학교육혁신본부,2023 ,교양 교과목 편성,예
아니오,X,해당없음,ESG와인적관리,기타,활용불가,사회과학,ESG경영/인적자원관리/인재확보/지속가능경영,45 ,450 ,울산·경남지역혁신플랫폼대학교육혁신본부,2023 ,교양 교과목 편성,예
아니오,X,해당없음,ESG와신상품개발,기타,활용불가,사회과학,신상품개발/ESG경영/제품기획/생산관리,45 ,450 ,울산·경남지역혁신플랫폼대학교육혁신본부,2023 ,교양 교과목 편성,예
아니오,X,해당없음,ESG와동반성장,기타,활용불가,사회과학,동반성장/ESG/사회책임/공정거래,45 ,450 ,울산·경남지역혁신플랫폼대학교육혁신본부,2023 ,교양 교과목 편성,예
아니오,X,해당없음,ESG와환경,기타,활용불가,융복합,ESG/환경문제/지속가능성/기후변화,32 ,320 ,울산·경남지역혁신플랫폼대학교육혁신본부,2023 ,교양 교과목 편성,예
아니오,X,해당없음,ESG공통1,기타,활용불가,융복합,탄소중립/ESG/환경정책/기후변화,30 ,300 ,울산·경남지역혁신플랫폼대학교육혁신본부,2023 ,교양 교과목 편성,예
아니오,X,해당없음,ESG공통2,기타,활용불가,사회과학,ESG경영/지속가능경영/기업전략/사회공헌,30 ,300 ,울산·경남지역혁신플랫폼대학교육혁신본부,2023 ,교양 교과목 편성,예
아니오,X,해당없음,ESG공통3,기타,활용불가,사회과학,ESG경영/거버넌스/지속가능경영/ESG투자,30 ,300 ,울산·경남지역혁신플랫폼대학교육혁신본부,2023 ,교양 교과목 편성,예
아니오,X,해당없음,ESG공통4,기타,활용불가,사회과학,ESG경영/지속가능경영/기업사례/경영전략,30 ,300 ,울산·경남지역혁신플랫폼대학교육혁신본부,2023 ,교양 교과목 편성,예
아니오,X,해당없음,전산원용제조,기타,활용불가,공학,"기계가공,제조공정,가공해석,응용설계",15 ,750 ,울산·경남지역혁신플랫폼대학교육혁신본부,2021 ,USG공유대학2.0 전공 교과 콘텐츠,예
아니오,X,해당없음,유한요소해석,기타,활용불가,공학,"구조해석,응력분석,유한요소법,시뮬레이션",13 ,650 ,울산·경남지역혁신플랫폼대학교육혁신본부,2021 ,USG공유대학2.0 전공 교과 콘텐츠,예
아니오,X,해당없음,수치해석,기타,활용불가,자연과학,"수치계산,미분방정식,컴퓨터모델링,공학해석",13 ,650 ,울산·경남지역혁신플랫폼대학교육혁신본부,2021 ,USG공유대학2.0 전공 교과 콘텐츠,예
아니오,O,피지컬AI,드론입문및응용,기타,활용불가,공학,"드론기초,메카트로닉스,비행제어,운용법규",11 ,550 ,울산·경남지역혁신플랫폼대학교육혁신본부,2021 ,USG공유대학2.0 전공 교과 콘텐츠,예
아니오,O,피지컬AI,임베디드시스템설계,기타,활용불가,공학,"임베디드,마이크로컨트롤러,펌웨어,제어시스템",15 ,750 ,울산·경남지역혁신플랫폼대학교육혁신본부,2021 ,USG공유대학2.0 전공 교과 콘텐츠,예
아니오,O,피지컬AI,전기차랑용구동제어기설계,기타,활용불가,공학,"전기차,구동제어,전력전자,회로설계",14 ,700 ,울산·경남지역혁신플랫폼대학교육혁신본부,2021 ,USG공유대학2.0 전공 교과 콘텐츠,예
아니오,O,피지컬AI,로봇시뮬레이션및설계,기타,활용불가,공학,"로봇기구학,동역학,시뮬레이션,로봇설계",13 ,650 ,울산·경남지역혁신플랫폼대학교육혁신본부,2021 ,USG공유대학2.0 전공 교과 콘텐츠,예
아니오,O,피지컬AI,IoT센서및액츄에이터,기타,활용불가,융복합,"사물인터넷,센서기술,액추에이터,시스템설계",13 ,650 ,울산·경남지역혁신플랫폼대학교육혁신본부,2021 ,USG공유대학2.0 전공 교과 콘텐츠,예
아니오,O,피지컬AI,로봇제어장치설계,기타,활용불가,공학,"지능로봇,전자회로,PCB설계,제어소프트웨어",11 ,550 ,울산·경남지역혁신플랫폼대학교육혁신본부,2021 ,USG공유대학2.0 전공 교과 콘텐츠,예
아니오,X,해당없음,스마트도시엔지니어링,기타,활용불가,융복합,"스마트시티,디지털인프라,도시계획,스마트기술",10 ,500 ,울산·경남지역혁신플랫폼대학교육혁신본부,2021 ,USG공유대학2.0 전공 교과 콘텐츠,예
아니오,X,해당없음,스마트도시·건설개론,기타,활용불가,공학,"스마트도시,건축설계,도시기술,교통환경",13 ,650 ,울산·경남지역혁신플랫폼대학교육혁신본부,2021 ,USG공유대학2.0 전공 교과 콘텐츠,예
아니오,X,해당없음,스마트도시환경·인프라공학,기타,활용불가,공학,"스마트도시,건축환경,도시인프라,4차산업",15 ,750 ,울산·경남지역혁신플랫폼대학교육혁신본부,2021 ,USG공유대학2.0 전공 교과 콘텐츠,예
아니오,O,피지컬AI,"스마트도시건설과AR,VR",기타,활용불가,공학,"스마트도시,건축설계,AR/VR,디지털건설",11 ,550 ,울산·경남지역혁신플랫폼대학교육혁신본부,2021 ,USG공유대학2.0 전공 교과 콘텐츠,예
아니오,O,피지컬AI,임베디드시스템,기타,활용불가,공학,"임베디드,FPGA,VHDL,시스템설계",11 ,550 ,울산·경남지역혁신플랫폼대학교육혁신본부,2021 ,USG공유대학2.0 전공 교과 콘텐츠,예
아니오,O,피지컬AI,소프트웨어공학,기타,활용불가,공학,"소프트웨어,소프트웨어공학,개발프로세스,유지보수",13 ,650 ,울산·경남지역혁신플랫폼대학교육혁신본부,2021 ,USG공유대학2.0 전공 교과 콘텐츠,예
아니오,O,피지컬AI,미래모빌리티개론,기타,활용불가,공학,"미래모빌리티,전기동력,친환경기술,설계제작",9 ,450 ,울산·경남지역혁신플랫폼대학교육혁신본부,2022 ,USG공유대학2.0 전공 교과 콘텐츠,예
아니오,O,피지컬AI,연료전지시스템,기타,활용불가,공학,"연료전지,전기화학,열역학,시스템구성",39 ,1950 ,울산·경남지역혁신플랫폼대학교육혁신본부,2022 ,USG공유대학2.0 전공 교과 콘텐츠,예
아니오,O,피지컬AI,모빌리티열유동해석,기타,활용불가,공학,"미래모빌리티,전산유동,열유동해석,성능예측",13 ,650 ,울산·경남지역혁신플랫폼대학교육혁신본부,2022 ,USG공유대학2.0 전공 교과 콘텐츠,예
아니오,O,피지컬AI,센서및계측,기타,활용불가,공학,"센서기술,계측,신호처리,미래모빌리티",45 ,2250 ,울산·경남지역혁신플랫폼대학교육혁신본부,2022 ,USG공유대학2.0 전공 교과 콘텐츠,예
아니오,O,피지컬AI,미래선박동역학및제어,기타,활용불가,공학,"선박공학,동역학,조종성능,시뮬레이션",45 ,2250 ,울산·경남지역혁신플랫폼대학교육혁신본부,2022 ,USG공유대학2.0 전공 교과 콘텐츠,예
아니오,O,피지컬AI,미래차동역학및제어,기타,활용불가,공학,"미래모빌리티,자동차공학,동역학,자율주행",39 ,1950 ,울산·경남지역혁신플랫폼대학교육혁신본부,2022 ,USG공유대학2.0 전공 교과 콘텐츠,예
아니오,O,AI기본개념,빅데이터와인공지능,기타,활용불가,정보기술,"데이터과학,빅데이터,머신러닝,딥러닝",45 ,2250 ,울산·경남지역혁신플랫폼대학교육혁신본부,2022 ,USG공유대학2.0 전공 교과 콘텐츠,예
아니오,X,해당없음,저탄소에너지공학개론,기타,활용불가,공학,"저탄소에너지,에너지공학,친환경기술,미래전략",45 ,2250 ,울산·경남지역혁신플랫폼대학교육혁신본부,2022 ,USG공유대학2.0 전공 교과 콘텐츠,예
아니오,X,해당없음,에너지열역학,기타,활용불가,공학,"에너지공학,열역학,상평형,에너지변환",39 ,1950 ,울산·경남지역혁신플랫폼대학교육혁신본부,2022 ,USG공유대학2.0 전공 교과 콘텐츠,예
아니오,X,해당없음,에너지공정계산,기타,활용불가,공학,"에너지공학,공정계산,물질수지,에너지수지",42 ,2100 ,울산·경남지역혁신플랫폼대학교육혁신본부,2022 ,USG공유대학2.0 전공 교과 콘텐츠,예
아니오,X,해당없음,탄소중립기술세미나,기타,활용불가,공학,"저탄소에너지,탄소중립,CCUS,신재생에너지",28 ,1400 ,울산·경남지역혁신플랫폼대학교육혁신본부,2022 ,USG공유대학2.0 전공 교과 콘텐츠,예
아니오,X,해당없음,저탄소에너지재료공학,기타,활용불가,공학,"저탄소에너지,재료공학,에너지신소재,나노기술",39 ,1950 ,울산·경남지역혁신플랫폼대학교육혁신본부,2022 ,USG공유대학2.0 전공 교과 콘텐츠,예
아니오,X,해당없음,저탄소에너지전기화학,기타,활용불가,자연과학,"저탄소에너지,전기화학,이차전지,전지시스템",33 ,1650 ,울산·경남지역혁신플랫폼대학교육혁신본부,2022 ,USG공유대학2.0 전공 교과 콘텐츠,예
아니오,X,해당없음,에너지반응공학,기타,활용불가,공학,"저탄소에너지,반응공학,촉매반응,반응기설계",38 ,1900 ,울산·경남지역혁신플랫폼대학교육혁신본부,2022 ,USG공유대학2.0 전공 교과 콘텐츠,예
아니오,X,해당없음,에너지전달현상,기타,활용불가,공학,"에너지공학,열전달,물질전달,유체역학",42 ,2100 ,울산·경남지역혁신플랫폼대학교육혁신본부,2022 ,USG공유대학2.0 전공 교과 콘텐츠,예
아니오,X,해당없음,에너지변환저장공정,기타,활용불가,공학,"저탄소에너지,에너지공학,에너지변환,저장공정",42 ,2100 ,울산·경남지역혁신플랫폼대학교육혁신본부,2022 ,USG공유대학2.0 전공 교과 콘텐츠,예
아니오,X,해당없음,전기에너지개론,기타,활용불가,공학,"저탄소에너지,에너지공학,전기에너지,전자기학",39 ,1950 ,울산·경남지역혁신플랫폼대학교육혁신본부,2022 ,USG공유대학2.0 전공 교과 콘텐츠,예
아니오,X,해당없음,저탄소그린에너지공학실험I,기타,활용불가,공학,"저탄소에너지,에너지공학,그린에너지,실험실습",21 ,1050 ,울산·경남지역혁신플랫폼대학교육혁신본부,2022 ,USG공유대학2.0 전공 교과 콘텐츠,예
아니오,O,AI기본개념,자료구조및알고리즘,기타,활용불가,정보기술,"정보기술,컴퓨터공학,자료구조,알고리즘",26 ,1300 ,울산·경남지역혁신플랫폼대학교육혁신본부,2022 ,USG공유대학2.0 전공 교과 콘텐츠,예
아니오,O,AI기본개념,클라우드컴퓨팅시스템및응용,기타,활용불가,정보기술,"정보기술,컴퓨터공학,클라우드컴퓨팅,플랫폼",26 ,1300 ,울산·경남지역혁신플랫폼대학교육혁신본부,2022 ,USG공유대학2.0 전공 교과 콘텐츠,예
아니오,O,AI기본개념,기계학습의이해및활용,기타,활용불가,공학,"정보기술,인공지능,기계학습,데이터분석",36 ,1800 ,울산·경남지역혁신플랫폼대학교육혁신본부,2022 ,USG공유대학2.0 전공 교과 콘텐츠,예
아니오,O,피지컬AI,항공ICT개론,기타,활용불가,기타,"공학,항공우주공학,항공ICT,소프트웨어안전",42 ,2100 ,울산·경남지역혁신플랫폼대학교육혁신본부,2022 ,USG공유대학2.0 전공 교과 콘텐츠,예
아니오,O,피지컬AI,조선해양컴퓨터프로그래밍,기타,활용불가,공학,"공학,조선해양공학,파이썬,선박프로그래밍",45 ,2250 ,울산·경남지역혁신플랫폼대학교육혁신본부,2022 ,USG공유대학2.0 전공 교과 콘텐츠,예
아니오,X,해당없음,스마트공학,기타,활용불가,융복합,"공학,융복합,스마트공학,창의융합",39 ,1950 ,울산·경남지역혁신플랫폼대학교육혁신본부,2022 ,USG공유대학2.0 전공 교과 콘텐츠,예
아니오,X,해당없음,스마트도시공간정보체계,기타,활용불가,융복합,"공학,건축학,스마트도시,공간정보",42 ,2100 ,울산·경남지역혁신플랫폼대학교육혁신본부,2022 ,USG공유대학2.0 전공 교과 콘텐츠,예
아니오,X,해당없음,스마트도시·사업관리,기타,활용불가,공학,"건축학,스마트도시,사업관리,프로젝트관리",39 ,1950 ,울산·경남지역혁신플랫폼대학교육혁신본부,2022 ,USG공유대학2.0 전공 교과 콘텐츠,예
아니오,X,해당없음,스마트도시재생과리빙랩,기타,활용불가,공학,"건축학,스마트도시,재생개발,리빙랩",39 ,1950 ,울산·경남지역혁신플랫폼대학교육혁신본부,2022 ,USG공유대학2.0 전공 교과 콘텐츠,예
아니오,X,해당없음,스마트재난관리시스템,기타,활용불가,공학,"건축학,스마트도시,재난관리,안전시스템",33 ,1650 ,울산·경남지역혁신플랫폼대학교육혁신본부,2022 ,USG공유대학2.0 전공 교과 콘텐츠,예
아니오,X,해당없음,스마트피난안전설계,기타,활용불가,공학,"건축학,스마트도시,피난안전,시뮬레이션",12 ,600 ,울산·경남지역혁신플랫폼대학교육혁신본부,2022 ,USG공유대학2.0 전공 교과 콘텐츠,예
아니오,O,AI기본개념,인공지능개론,기타,활용불가,공학,"정보기술,인공지능,기계학습,딥러닝",39 ,1950 ,울산·경남지역혁신플랫폼대학교육혁신본부,2022 ,USG공유대학2.0 전공 교과 콘텐츠,예
아니오,O,피지컬AI,E-mobility디스플레이,기타,활용불가,공학,"공학,E-mobility,디스플레이,차량전자",45 ,2250 ,울산·경남지역혁신플랫폼대학교육혁신본부,2022 ,USG공유대학2.0 전공 교과 콘텐츠,예
아니오,O,피지컬AI,E-mobility전기재료,기타,활용불가,공학,"공학,E-mobility,전기재료,반도체소재",45 ,2250 ,울산·경남지역혁신플랫폼대학교육혁신본부,2022 ,USG공유대학2.0 전공 교과 콘텐츠,예
아니오,O,피지컬AI,차량용반도체설계,기타,활용불가,공학,"공학,E-mobility,반도체설계,CMOS공정",45 ,2250 ,울산·경남지역혁신플랫폼대학교육혁신본부,2022 ,USG공유대학2.0 전공 교과 콘텐츠,예
아니오,O,피지컬AI,이모빌리티공학개론,기타,활용불가,공학,"공학,E-mobility,모빌리티공학,탄소중립",45 ,2250 ,울산·경남지역혁신플랫폼대학교육혁신본부,2022 ,USG공유대학2.0 전공 교과 콘텐츠,예
아니오,O,피지컬AI,E-mobliity스마트제어,기타,활용불가,공학,"공학,E-mobility,스마트제어,모터제어",45 ,2250 ,울산·경남지역혁신플랫폼대학교육혁신본부,2022 ,USG공유대학2.0 전공 교과 콘텐츠,예
아니오,O,피지컬AI,모바일로봇개론,기타,활용불가,공학,"공학,로봇공학,모바일로봇,센서제어",45 ,2250 ,울산·경남지역혁신플랫폼대학교육혁신본부,2022 ,USG공유대학2.0 전공 교과 콘텐츠,예
아니오,O,피지컬AI,차량무선공학,기타,활용불가,공학,"공학,모빌리티,무선공학,차량통신",45 ,2250 ,울산·경남지역혁신플랫폼대학교육혁신본부,2022 ,USG공유대학2.0 전공 교과 콘텐츠,예
아니오,O,피지컬AI,전력전자,기타,활용불가,공학,"공학,전기전자,전력전자,전력변환",39 ,1950 ,울산·경남지역혁신플랫폼대학교육혁신본부,2022 ,USG공유대학2.0 전공 교과 콘텐츠,예
아니오,O,피지컬AI,지능형전력계통공학,기타,활용불가,공학,"공학,전기전자,전력계통,지능형전력망",45 ,2250 ,울산·경남지역혁신플랫폼대학교육혁신본부,2022 ,USG공유대학2.0 전공 교과 콘텐츠,예
아니오,O,피지컬AI,E-mobility모터설계및제어,기타,활용불가,공학,"공학,E-mobility,모터설계,벡터제어",39 ,1950 ,울산·경남지역혁신플랫폼대학교육혁신본부,2022 ,USG공유대학2.0 전공 교과 콘텐츠,예
아니오,X,해당없음,다중물리해석,기타,활용불가,공학,"공학,기계공학,다중물리해석,CAE",39 ,1950 ,울산·경남지역혁신플랫폼대학교육혁신본부,2022 ,USG공유대학2.0 전공 교과 콘텐츠,예
아니오,X,해당없음,스마트제조공학,기타,활용불가,공학,"공학,제조공학,스마트제조,생산기술",39 ,1950 ,울산·경남지역혁신플랫폼대학교육혁신본부,2022 ,USG공유대학2.0 전공 교과 콘텐츠,예
아니오,X,해당없음,열유체역학의컴퓨터응용,기타,활용불가,공학,"공학,기계공학,열유체역학,컴퓨터응용",45 ,2250 ,울산·경남지역혁신플랫폼대학교육혁신본부,2022 ,USG공유대학2.0 전공 교과 콘텐츠,예
아니오,X,해당없음,전산소성가공,기타,활용불가,공학,"공학,기계공학,소성가공,전산해석",45 ,2250 ,울산·경남지역혁신플랫폼대학교육혁신본부,2022 ,USG공유대학2.0 전공 교과 콘텐츠,예
아니오,X,해당없음,전산원용모델링,기타,활용불가,공학,"공학,기계공학,전산모델링,CAD",45 ,2250 ,울산·경남지역혁신플랫폼대학교육혁신본부,2022 ,USG공유대학2.0 전공 교과 콘텐츠,예
아니오,X,해당없음,전산유체역학,기타,활용불가,공학,"공학,기계공학,전산해석,유체역학",45 ,2250 ,울산·경남지역혁신플랫폼대학교육혁신본부,2022 ,USG공유대학2.0 전공 교과 콘텐츠,예
아니오,X,해당없음,전산응용시스템설계,기타,활용불가,공학,"공학,기계공학,시스템설계,전산응용",39 ,1950 ,울산·경남지역혁신플랫폼대학교육혁신본부,2022 ,USG공유대학2.0 전공 교과 콘텐츠,예
아니오,X,해당없음,전산다물체동역학해석,기타,활용불가,공학,"공학,기계공학,다물체동역학,전산해석",45 ,2250 ,울산·경남지역혁신플랫폼대학교육혁신본부,2022 ,USG공유대학2.0 전공 교과 콘텐츠,예
아니오,O,피지컬AI,로봇AI프로그래밍,기타,활용불가,공학,"공학,로봇공학,인공지능,파이썬프로그래밍",39 ,1950 ,울산·경남지역혁신플랫폼대학교육혁신본부,2022 ,USG공유대학2.0 전공 교과 콘텐츠,예
아니오,O,피지컬AI,로봇공학개론,기타,활용불가,공학,"공학,로봇공학,기초이론,로봇기구학",45 ,2250 ,울산·경남지역혁신플랫폼대학교육혁신본부,2022 ,USG공유대학2.0 전공 교과 콘텐츠,예
아니오,O,피지컬AI,로봇비전시스템설계및응용,기타,활용불가,공학,"공학,로봇공학,비전시스템,영상처리",42 ,2100 ,울산·경남지역혁신플랫폼대학교육혁신본부,2022 ,USG공유대학2.0 전공 교과 콘텐츠,예
아니오,O,피지컬AI,로봇측정및제어,기타,활용불가,공학,"공학,로봇공학,측정제어,센서데이터",45 ,2250 ,울산·경남지역혁신플랫폼대학교육혁신본부,2022 ,USG공유대학2.0 전공 교과 콘텐츠,예
아니오,O,피지컬AI,서비스로봇및응용,기타,활용불가,공학,"공학,로봇공학,서비스로봇,응용기술",39 ,1950 ,울산·경남지역혁신플랫폼대학교육혁신본부,2022 ,USG공유대학2.0 전공 교과 콘텐츠,예
아니오,O,피지컬AI,스마트공장과로봇,기타,활용불가,공학,"공학,제조공학,스마트공장,산업용로봇",45 ,2250 ,울산·경남지역혁신플랫폼대학교육혁신본부,2022 ,USG공유대학2.0 전공 교과 콘텐츠,예
아니오,O,피지컬AI,이동로봇설계및응용,기타,활용불가,공학,"공학,로봇공학,이동로봇,주행제어",39 ,1950 ,울산·경남지역혁신플랫폼대학교육혁신본부,2022 ,USG공유대학2.0 전공 교과 콘텐츠,예
아니오,O,피지컬AI,제조로봇설계및응용,기타,활용불가,공학,"공학,로봇공학,제조로봇,시뮬레이션",39 ,1950 ,울산·경남지역혁신플랫폼대학교육혁신본부,2022 ,USG공유대학2.0 전공 교과 콘텐츠,예
아니오,X,해당없음,기초연속체역학및CAE,기타,활용불가,공학,"공학,기계공학,연속체역학,CAE",43 ,2150 ,울산·경남지역혁신플랫폼대학교육혁신본부,2023 ,USG공유대학2.0 전공 교과 콘텐츠,예
아니오,X,해당없음,수학과진동실험,기타,활용불가,자연과학,"공학,기계공학,수학응용,진동실험",45 ,2250 ,울산·경남지역혁신플랫폼대학교육혁신본부,2023 ,USG공유대학2.0 전공 교과 콘텐츠,예
아니오,X,해당없음,스마트계측,기타,활용불가,공학,"공학,계측공학,스마트센서,신호처리",45 ,2250 ,울산·경남지역혁신플랫폼대학교육혁신본부,2023 ,USG공유대학2.0 전공 교과 콘텐츠,예
아니오,X,해당없음,전산구조해석,기타,활용불가,공학,"공학,기계공학,전산해석,구조해석",45 ,2250 ,울산·경남지역혁신플랫폼대학교육혁신본부,2023 ,USG공유대학2.0 전공 교과 콘텐츠,예
아니오,X,해당없음,현대공학기술과산업디자인,기타,활용불가,공학,"공학,산업공학,디자인,현대공학기술",39 ,1950 ,울산·경남지역혁신플랫폼대학교육혁신본부,2023 ,USG공유대학2.0 전공 교과 콘텐츠,예
아니오,X,해당없음,전산진동해석,기타,활용불가,공학,"공학,기계공학,진동해석,전산응용",39 ,1950 ,울산·경남지역혁신플랫폼대학교육혁신본부,2023 ,USG공유대학2.0 전공 교과 콘텐츠,예
아니오,O,피지컬AI,컴퓨터응용가공,기타,활용불가,공학,"공학,기계공학,CAD/CAM,응용가공",45 ,2250 ,울산·경남지역혁신플랫폼대학교육혁신본부,2023 ,USG공유대학2.0 전공 교과 콘텐츠,예
아니오,O,피지컬AI,EV용전력전자시뮬레이션,기타,활용불가,공학,"공학,전기전자,전력전자,EV시뮬레이션",39 ,1950 ,울산·경남지역혁신플랫폼대학교육혁신본부,2023 ,USG공유대학2.0 전공 교과 콘텐츠,예
아니오,O,피지컬AI,센서인터페이스및응용,기타,활용불가,정보기술,"공학,임베디드,센서인터페이스,응용시스템",45 ,2250 ,울산·경남지역혁신플랫폼대학교육혁신본부,2023 ,USG공유대학2.0 전공 교과 콘텐츠,예
아니오,O,피지컬AI,자율주행영상처리,기타,활용불가,공학,"이모빌리티,자율주행,영상처리,딥러닝",45 ,2250 ,울산·경남지역혁신플랫폼대학교육혁신본부,2023 ,USG공유대학2.0 전공 교과 콘텐츠,예
아니오,X,해당없음,사회복지개론,기타,활용불가,사회과학,"사회과학,사회복지,기초개념,정책이론",39 ,1950 ,울산·경남지역혁신플랫폼대학교육혁신본부,2023 ,USG공유대학2.0 전공 교과 콘텐츠,예
아니오,O,피지컬AI,미래모빌리티구조해석,기타,활용불가,공학,"이모빌리티,구조해석,유한요소법,기계진동",45 ,2250 ,울산·경남지역혁신플랫폼대학교육혁신본부,2023 ,USG공유대학2.0 전공 교과 콘텐츠,예
아니오,O,피지컬AI,미래모빌리티자율주행이해및설계,기타,활용불가,공학,"이모빌리티,자율주행,센서기술,시뮬레이션",45 ,2250 ,울산·경남지역혁신플랫폼대학교육혁신본부,2023 ,USG공유대학2.0 전공 교과 콘텐츠,예
아니오,O,피지컬AI,미래모빌리티친환경동력이해및설계,기타,활용불가,융복합,"이모빌리티,친환경동력,수소전기,동력시스템",39 ,1950 ,울산·경남지역혁신플랫폼대학교육혁신본부,2023 ,USG공유대학2.0 전공 교과 콘텐츠,예
아니오,O,피지컬AI,디지털트윈시뮬레이션,기타,활용불가,공학,"공학,디지털트윈,시뮬레이션,확률모형",36 ,1800 ,울산·경남지역혁신플랫폼대학교육혁신본부,2023 ,USG공유대학2.0 전공 교과 콘텐츠,예
아니오,O,피지컬AI,미래모빌리티에너지관리시스템,기타,활용불가,공학,"이모빌리티,에너지관리,수소전기,모델링",39 ,1950 ,울산·경남지역혁신플랫폼대학교육혁신본부,2023 ,USG공유대학2.0 전공 교과 콘텐츠,예
아니오,O,피지컬AI,자율주행영상처리,기타,활용불가,융복합,"이모빌리티,자율주행,프로그래밍,가상환경",45 ,2250 ,울산·경남지역혁신플랫폼대학교육혁신본부,2023 ,USG공유대학2.0 전공 교과 콘텐츠,예
아니오,X,해당없음,그린에너지나노공학,기타,활용불가,융복합,"에너지,그린에너지,나노공학,신재생기술",45 ,2250 ,울산·경남지역혁신플랫폼대학교육혁신본부,2023 ,USG공유대학2.0 전공 교과 콘텐츠,예
아니오,X,해당없음,송배전공학,기타,활용불가,공학,"에너지,전기공학,송배전,전력시스템",39 ,1950 ,울산·경남지역혁신플랫폼대학교육혁신본부,2023 ,USG공유대학2.0 전공 교과 콘텐츠,예
아니오,X,해당없음,에너지고분자공학,기타,활용불가,공학,"에너지,고분자,저탄소그린,에너지저장",39 ,1950 ,울산·경남지역혁신플랫폼대학교육혁신본부,2023 ,USG공유대학2.0 전공 교과 콘텐츠,예
아니오,X,해당없음,저탄소에너지공정모사,기타,활용불가,공학,"에너지,저탄소공정,이산화탄소포집,시뮬레이션",20 ,1000 ,울산·경남지역혁신플랫폼대학교육혁신본부,2023 ,USG공유대학2.0 전공 교과 콘텐츠,예
아니오,X,해당없음,탄소포집·저장·활용기술의이해,기타,활용불가,공학,"에너지,탄소포집,저장활용,CCUS",39 ,1950 ,울산·경남지역혁신플랫폼대학교육혁신본부,2023 ,USG공유대학2.0 전공 교과 콘텐츠,예
아니오,X,해당없음,해상풍력발전의이해,기타,활용불가,공학,"에너지,재생에너지,해상풍력,발전기술",20 ,1000 ,울산·경남지역혁신플랫폼대학교육혁신본부,2023 ,USG공유대학2.0 전공 교과 콘텐츠,예
아니오,X,해당없음,그린에너지특론,기타,활용불가,공학,"에너지,그린에너지,저탄소기술,이차전지",45 ,2250 ,울산·경남지역혁신플랫폼대학교육혁신본부,2023 ,USG공유대학2.0 전공 교과 콘텐츠,예
아니오,X,해당없음,수소생산및활용기술의이해,기타,활용불가,공학,"에너지,수소기술,생산활용,재료시스템",39 ,1950 ,울산·경남지역혁신플랫폼대학교육혁신본부,2023 ,USG공유대학2.0 전공 교과 콘텐츠,예
아니오,X,해당없음,스마트시스템설계및응용,기타,활용불가,융복합,"스마트시스템,센서기술,시스템설계,응용",45 ,2250 ,울산·경남지역혁신플랫폼대학교육혁신본부,2024 ,USG공유대학2.0 전공 교과 콘텐츠,예
아니오,O,AI기본개념,파이썬을이용한인공지능과응용,기타,활용불가,공학,"인공지능,파이썬,머신러닝,딥러닝",45 ,2250 ,울산·경남지역혁신플랫폼대학교육혁신본부,2024 ,USG공유대학2.0 전공 교과 콘텐츠,예
아니오,X,해당없음,컴퓨터응용설계,기타,활용불가,공학,"컴퓨터,응용설계,CAD,강건설계",45 ,2250 ,울산·경남지역혁신플랫폼대학교육혁신본부,2024 ,USG공유대학2.0 전공 교과 콘텐츠,예
아니오,X,해당없음,수치해석,기타,활용불가,자연과학,"공학,수치해석,모델링,미분방정식",39 ,1950 ,울산·경남지역혁신플랫폼대학교육혁신본부,2024 ,USG공유대학2.0 전공 교과 콘텐츠,예
아니오,X,해당없음,유한요소해석,기타,활용불가,공학,"공학해석,유한요소,구조해석,열유동",39 ,1950 ,울산·경남지역혁신플랫폼대학교육혁신본부,2024 ,USG공유대학2.0 전공 교과 콘텐츠,예
아니오,X,해당없음,임베디드시스템설계,기타,활용불가,공학,"임베디드,프로세서,ARM,CortexM4",45 ,2250 ,울산·경남지역혁신플랫폼대학교육혁신본부,2024 ,USG공유대학2.0 전공 교과 콘텐츠,예
아니오,O,피지컬 AI,드론입문및응용,기타,활용불가,공학,"드론,e모빌리티,무인항공,ICT융합",36 ,1800 ,울산·경남지역혁신플랫폼대학교육혁신본부,2024 ,USG공유대학2.0 전공 교과 콘텐츠,예
아니오,O,피지컬AI,전기자동차구동제어기설계,기타,활용불가,공학,"전기차,구동제어,전동기,전력전자",25 ,1250 ,울산·경남지역혁신플랫폼대학교육혁신본부,2024 ,USG공유대학2.0 전공 교과 콘텐츠,예
아니오,O,피지컬AI,ROS프로그래밍,기타,활용불가,공학,"로봇,ROS,센서제어,알고리즘",45 ,2250 ,울산·경남지역혁신플랫폼대학교육혁신본부,2024 ,USG공유대학2.0 전공 교과 콘텐츠,예
아니오,O,피지컬AI,IoT센서및액츄에이터,기타,활용불가,융복합,"IoT,센서,액츄에이터,스마트기기",39 ,1950 ,울산·경남지역혁신플랫폼대학교육혁신본부,2024 ,USG공유대학2.0 전공 교과 콘텐츠,예
아니오,O,피지컬AI,E-moblilty연료전지시스템,기타,활용불가,공학,"E-mobility,연료전지,전기차,에너지시스템",42 ,2100 ,울산·경남지역혁신플랫폼대학교육혁신본부,2024 ,USG공유대학2.0 전공 교과 콘텐츠,예
아니오,X,해당없음,스마트도시건설AR/VR,기타,활용불가,공학,"스마트도시,건설,AR,VR",33 ,1650 ,울산·경남지역혁신플랫폼대학교육혁신본부,2024 ,USG공유대학2.0 전공 교과 콘텐츠,예
아니오,X,해당없음,스마트예측유지보수,기타,활용불가,공학,"스마트선박,예측유지보수,SCADA,DCS",45 ,2250 ,울산·경남지역혁신플랫폼대학교육혁신본부,2024 ,USG공유대학2.0 전공 교과 콘텐츠,예
아니오,O,피지컬AI,리튬-이차전지공정및실험,기타,활용불가,공학,"에너지,리튬이차전지,공정실험,배터리",45 ,2250 ,울산·경남지역혁신플랫폼대학교육혁신본부,2024 ,USG공유대학2.0 전공 교과 콘텐츠,예
아니오,O,피지컬AI,이차전지관리시스템,기타,활용불가,공학,"배터리,이차전지,관리시스템,알고리즘",39 ,1950 ,울산·경남지역혁신플랫폼대학교육혁신본부,2024 ,USG공유대학2.0 전공 교과 콘텐츠,예
아니오,O,피지컬AI,이차전지전기화학,기타,활용불가,자연과학,"배터리,이차전지,전기화학,전극반응",45 ,2250 ,울산·경남지역혁신플랫폼대학교육혁신본부,2024 ,USG공유대학2.0 전공 교과 콘텐츠,예
아니오,X,해당없음,시스템엔지니어링특론,기타,활용불가,공학,"시스템공학,시스템엔지니어링,수명주기,프로세스",27 ,1350 ,울산·경남지역혁신플랫폼대학교육혁신본부,2024 ,USG공유대학원 콘텐츠,예
아니오,O,피지컬AI,E-Mobility기술특론Ⅰ,기타,활용불가,정보기술,"E-mobility,UAM,TaaS,AI자율주행,데이터분석",39 ,1950 ,울산·경남지역혁신플랫폼대학교육혁신본부,2024 ,USG공유대학원 콘텐츠,예
아니오,O,피지컬AI,E-Mobility기술특론Ⅱ,기타,활용불가,공학,"E-mobility,UAM,TaaS,디자인모델링,프로토타이핑",39 ,1950 ,울산·경남지역혁신플랫폼대학교육혁신본부,2024 ,USG공유대학원 콘텐츠,예
아니오,O,피지컬AI,인공지능로봇특론,기타,활용불가,정보기술,"AI,인공지능,로봇공학,응용기술",39 ,1950 ,울산·경남지역혁신플랫폼대학교육혁신본부,2024 ,USG공유대학원 콘텐츠,예
아니오,O,피지컬AI,인공지능프로그래밍특론,기타,활용불가,공학,"AI,인공지능,파이썬,프로그래밍",39 ,1950 ,울산·경남지역혁신플랫폼대학교육혁신본부,2024 ,USG공유대학원 콘텐츠,예
아니오,X,해당없음,전산구조해석,기타,활용불가,공학,"전산해석,구조해석,유한요소,CAE",40 ,2000 ,울산·경남지역혁신플랫폼대학교육혁신본부,2024 ,USG공유대학2.0 전공 교과 콘텐츠,예
아니오,O,피지컬AI,스마트공장과로봇,기타,활용불가,공학,"스마트공장,로봇,상태추정,코딩실습",45 ,2250 ,울산·경남지역혁신플랫폼대학교육혁신본부,2024 ,USG공유대학2.0 전공 교과 콘텐츠,예
아니오,X,해당없음,스마트공학,기타,활용불가,융복합,"스마트공학,4차산업,창의융합,기본역량",45 ,2250 ,울산·경남지역혁신플랫폼대학교육혁신본부,2024 ,USG공유대학2.0 전공 교과 콘텐츠,예
아니오,X,해당없음,스마트도시재생과리빙랩,기타,활용불가,공학,"스마트도시,도시재생,리빙랩,계획기술",45 ,2250 ,울산·경남지역혁신플랫폼대학교육혁신본부,2024 ,USG공유대학2.0 전공 교과 콘텐츠,예
아니오,X,해당없음,경제수학,기타,활용불가,사회과학,계량경제/최적화/통계추정/경제모형,96 ,960 ,울산·경남지역혁신플랫폼대학교육혁신본부,2021 ,경남교육청 공동활용 콘텐츠,예
아니오,X,해당없음,교육학,기타,활용불가,교육학,교육사상/수업원리/학습자중심/평생학습,67 ,670 ,울산·경남지역혁신플랫폼대학교육혁신본부,2021 ,경남교육청 공동활용 콘텐츠,예
아니오,X,해당없음,국제사회와국제기구,기타,활용불가,사회과학,국제기구/다자협력/국제규범/글로벌거버넌스,96 ,960 ,울산·경남지역혁신플랫폼대학교육혁신본부,2021 ,경남교육청 공동활용 콘텐츠,예
아니오,X,해당없음,심리학,기타,활용불가,사회과학,인지와정서/행동과학/발달/적응,78 ,780 ,울산·경남지역혁신플랫폼대학교육혁신본부,2021 ,경남교육청 공동활용 콘텐츠,예
아니오,X,해당없음,영미문학읽기,기타,활용불가,인문학,소설시희곡/독해와비평/문화맥락/표현력,97 ,970 ,울산·경남지역혁신플랫폼대학교육혁신본부,2021 ,경남교육청 공동활용 콘텐츠,예
아니오,X,해당없음,철학,기타,활용불가,인문학,가치판단/논증/삶의성찰/토론,96 ,960 ,울산·경남지역혁신플랫폼대학교육혁신본부,2021 ,경남교육청 공동활용 콘텐츠,예
아니오,X,해당없음,과학사,기타,활용불가,교양,과학혁명/과학의본성/역사적사례/사회적영향,84 ,840 ,울산·경남지역혁신플랫폼대학교육혁신본부,2021 ,경남교육청 공동활용 콘텐츠,예
아니오,O,AI기본개념,인공지능,기타,활용불가,정보기술,머신러닝/딥러닝/모델링/적용사례,84 ,1490 ,울산·경남지역혁신플랫폼대학교육혁신본부,2022 ,경남교육청 공동활용 콘텐츠,예
아니오,O,AI기본개념,빅데이터,기타,활용불가,정보기술,데이터수집/분석·시각화/데이터엔지니어링/사례연구,86 ,860 ,울산·경남지역혁신플랫폼대학교육혁신본부,2022 ,경남교육청 공동활용 콘텐츠,예
아니오,O,AI기본개념,실감형기술과미래사회,기타,활용불가,정보기술,VR·AR/메타버스/인터랙티브미디어/디지털콘텐츠,94 ,940 ,울산·경남지역혁신플랫폼대학교육혁신본부,2022 ,경남교육청 공동활용 콘텐츠,예
아니오,X,해당없음,지식재산일반,기타,활용불가,사회과학,특허·상표·저작권/권리보호/기술이전/라이선싱,99 ,990 ,울산·경남지역혁신플랫폼대학교육혁신본부,2022 ,경남교육청 공동활용 콘텐츠,예
아니오,X,해당없음,생활과과학,기타,활용불가,교양,일상과학/과학적사고/문제해결/실생활응용,97 ,970 ,울산·경남지역혁신플랫폼대학교육혁신본부,2022 ,경남교육청 공동활용 콘텐츠,예
아니오,X,해당없음,사회문제탐구,기타,활용불가,교양,사회문제/정책대안/데이터탐구/시민성,96 ,960 ,울산·경남지역혁신플랫폼대학교육혁신본부,2022 ,경남교육청 공동활용 콘텐츠,예
아니오,X,해당없음,고전읽기,기타,활용불가,교양,비판적읽기/고전해제/인문교양/토론,127 ,1270 ,울산·경남지역혁신플랫폼대학교육혁신본부,2022 ,경남교육청 공동활용 콘텐츠,예
아니오,X,해당없음,환경,기타,활용불가,교양,기후위기/지속가능성/탄소중립/환경정책,103 ,1030 ,울산·경남지역혁신플랫폼대학교육혁신본부,2023 ,경남교육청 공동활용 콘텐츠,예
아니오,X,해당없음,보건,기타,활용불가,의약학,건강/운동/생리학/현대사회,103 ,1030 ,울산·경남지역혁신플랫폼대학교육혁신본부,2023 ,경남교육청 공동활용 콘텐츠,예
아니오,X,해당없음,실용경제,기타,활용불가,사회과학,실용경제/자산관리/합리적경제생활/경제문제해결,123 ,1230 ,울산·경남지역혁신플랫폼대학교육혁신본부,2023 ,경남교육청 공동활용 콘텐츠,예
아니오,X,해당없음,세계문제와미래사회,기타,활용불가,융복합,세계문제/미래사회/기후변화/글로벌이슈,94 ,940 ,울산·경남지역혁신플랫폼대학교육혁신본부,2023 ,경남교육청 공동활용 콘텐츠,예
아니오,O,AI기본개념,인공지능수학,기타,활용불가,정보기술,인공지능수학/수학적모델링/자료분석/예측최적화,106 ,1060 ,울산·경남지역혁신플랫폼대학교육혁신본부,2023 ,경남교육청 공동활용 콘텐츠,예
아니오,X,해당없음,프로그래밍,기타,활용불가,정보기술,알고리즘/소프트웨어개발/문제해결/프로그래밍기초,100 ,1000 ,울산·경남지역혁신플랫폼대학교육혁신본부,2023 ,경남교육청 공동활용 콘텐츠,예
아니오,X,해당없음,컴퓨터시스템일반,기타,활용불가,공학,컴퓨터시스템/운영체제/알고리즘설계/시스템이해,111 ,1110 ,울산·경남지역혁신플랫폼대학교육혁신본부,2023 ,경남교육청 공동활용 콘텐츠,예
아니오,X,해당없음,공학일반,기타,활용불가,공학,공학일반/융합사고/문제해결/미래공학,92 ,920 ,울산·경남지역혁신플랫폼대학교육혁신본부,2024 ,경남교육청 공동활용 콘텐츠,예
아니오,X,해당없음,과학과제연구,기타,활용불가,교양,과학과제연구/과학탐구/융합학습/과학실험,46 ,460 ,울산·경남지역혁신플랫폼대학교육혁신본부,2024 ,경남교육청 공동활용 콘텐츠,예
아니오,X,해당없음,논리학,기타,활용불가,인문학,논리학/논증분석/비판적사고/오류파악,112 ,1120 ,울산·경남지역혁신플랫폼대학교육혁신본부,2024 ,경남교육청 공동활용 콘텐츠,예
아니오,O,AI기본개념,인공지능기초,기타,활용불가,정보기술,인공지능기초/AI원리/윤리문제/문제해결,54 ,540 ,울산·경남지역혁신플랫폼대학교육혁신본부,2024 ,경남교육청 공동활용 콘텐츠,예
아니오,X,해당없음,창의경영,기타,활용불가,융복합,창의경영/기업가정신/경영마인드/문제해결,90 ,900 ,울산·경남지역혁신플랫폼대학교육혁신본부,2024 ,경남교육청 공동활용 콘텐츠,예
아니오,X,해당없음,국제정치,기타,활용불가,사회과학,국제정치/평화갈등해결/세계시민/글로벌정세,76 ,760 ,울산·경남지역혁신플랫폼대학교육혁신본부,2024 ,경남교육청 공동활용 콘텐츠,예
아니오,X,해당없음,사회과제연구,기타,활용불가,사회과학,사회과제연구/사회탐구/문제해결/현대사회,60 ,600 ,울산·경남지역혁신플랫폼대학교육혁신본부,2024 ,경남교육청 공동활용 콘텐츠,예
아니오,X,해당없음,실용통계,기타,활용불가,자연과학,실용통계/데이터분석/통계활용/실생활적용,30 ,750 ,울산·경남지역혁신플랫폼대학교육혁신본부,2025 ,경남교육청 공동활용 콘텐츠,예
아니오,X,해당없음,미디어영어,기타,활용불가,인문학,미디어영어/영어소통/디지털미디어/실생활영어,30 ,750 ,울산·경남지역혁신플랫폼대학교육혁신본부,2025 ,경남교육청 공동활용 콘텐츠,예
아니오,X,해당없음,기후변화와지속가능한세계,기타,활용불가,융복합,기후변화/지속가능세계/미래대응/환경문제,20 ,500 ,울산·경남지역혁신플랫폼대학교육혁신본부,2025 ,경남교육청 공동활용 콘텐츠,예
아니오,X,해당없음,기후변화와환경생태,기타,활용불가,융복합,기후변화/환경생태/과학적이해/미래사회,30 ,750 ,울산·경남지역혁신플랫폼대학교육혁신본부,2025 ,경남교육청 공동활용 콘텐츠,예
아니오,X,해당없음,음악감상과비평,기타,활용불가,예술·체육,음악감상/음악비평/가치해석/예술적사고,20 ,500 ,울산·경남지역혁신플랫폼대학교육혁신본부,2025 ,경남교육청 공동활용 콘텐츠,예
아니오,O,피지컬 AI,로봇과공학세계,기타,활용불가,공학,로봇공학세계/로봇기술/문제해결/진로설계,30 ,750 ,울산·경남지역혁신플랫폼대학교육혁신본부,2025 ,경남교육청 공동활용 콘텐츠,예
아니오,X,해당없음,소프트웨어와생활,기타,활용불가,정보기술,소프트웨어생활/문제해결/융합적용/협력학습,30 ,750 ,울산·경남지역혁신플랫폼대학교육혁신본부,2025 ,경남교육청 공동활용 콘텐츠,예
아니오,X,해당없음,경남의스포츠문화와산업,기타,활용불가,예술·체육,스포츠문화/스포츠산업/경남스포츠/스포츠마케팅,78 ,780 ,울산·경남지역혁신플랫폼대학교육혁신본부,2021 ,교양 교과목 편성,예
아니오,O,AI기본개념,AI의인문학적이해,기타,활용불가,융복합,인공지능/인문학/융합기술/미래사회.,30 ,300 ,울산·경남지역혁신플랫폼대학교육혁신본부,2021 ,교양 교과목 편성,예
아니오,O,AI기본개념,인공지능과미래사회그리고법,기타,활용불가,융복합,인공지능/미래사회/법률/융합기술,42 ,420 ,울산·경남지역혁신플랫폼대학교육혁신본부,2021 ,교양 교과목 편성,예
아니오,X,해당없음,디지털과지식재산,기타,활용불가,사회과학,지식재산/저작권/특허/디지털법,31 ,310 ,울산·경남지역혁신플랫폼대학교육혁신본부,2021 ,교양 교과목 편성,예
아니오,X,해당없음,경남의도시와문화,기타,활용불가,인문학,인문도시/문화도시/지역문화/경남,26 ,260 ,울산·경남지역혁신플랫폼대학교육혁신본부,2021 ,교양 교과목 편성,예
아니오,X,해당없음,화학의이해,기타,활용불가,자연과학,일반화학/화학기초/물질/주기율표,30 ,300 ,울산·경남지역혁신플랫폼대학교육혁신본부,2021 ,교양 교과목 편성,예
아니오,O,AI기본개념,데이터과학의이해,기타,활용불가,정보기술,데이터과학/빅데이터/데이터분석/머신러닝,36 ,360 ,울산·경남지역혁신플랫폼대학교육혁신본부,2021 ,교양 교과목 편성,예
아니오,X,해당없음,기본수학,기타,활용불가,자연과학,기본수학/미분/적분/방정식,30 ,300 ,울산·경남지역혁신플랫폼대학교육혁신본부,2021 ,교양 교과목 편성,예
아니오,X,해당없음,생물의이해,기타,활용불가,자연과학,생물학/생명과학/세포/유기체,30 ,300 ,울산·경남지역혁신플랫폼대학교육혁신본부,2021 ,교양 교과목 편성,예
아니오,O,AI기본개념,데이터분석withPython,기타,활용불가,정보기술,데이터분석/파이썬/프로그래밍/데이터크롤링,36 ,360 ,울산·경남지역혁신플랫폼대학교육혁신본부,2021 ,교양 교과목 편성,예
아니오,O,AI기본개념,처음공부하는사물인터넷,기타,활용불가,융복합,사물인터넷/IoT/아두이노/실습,49 ,490 ,울산·경남지역혁신플랫폼대학교육혁신본부,2021 ,교양 교과목 편성,예
아니오,O,AI기본개념,데이터분석기초,기타,활용불가,정보기술,데이터분석/파이썬/통계/머신러닝,30 ,300 ,울산·경남지역혁신플랫폼대학교육혁신본부,2021 ,교양 교과목 편성,예
아니오,O,AI기본개념,빅데이터기초분석,기타,활용불가,정보기술,빅데이터/파이썬/데이터분석/머신러닝,94 ,940 ,울산·경남지역혁신플랫폼대학교육혁신본부,2021 ,교양 교과목 편성,예
아니오,X,해당없음,공학자를위한종합수학,기타,활용불가,자연과학,공학수학/미분/적분/미분방정식/행렬,45 ,450 ,울산·경남지역혁신플랫폼대학교육혁신본부,2022 ,교양 교과목 편성,예
아니오,O,AI기본개념,인공지능과디지털윤리,기타,활용불가,인문학,인공지능윤리/디지털윤리/AI/윤리이론,30 ,300 ,울산·경남지역혁신플랫폼대학교육혁신본부,2022 ,교양 교과목 편성,예
아니오,X,해당없음,직장생활과위기관리윤리,기타,활용불가,인문학,직업윤리/위기관리/윤리경영/사회책임,30 ,300 ,울산·경남지역혁신플랫폼대학교육혁신본부,2022 ,교양 교과목 편성,예
아니오,O,AI기본개념,디지털논리로접근하는사물인터넷,기타,활용불가,융복합,사물인터넷/IoT/4차산업혁명/융합기술,45 ,450 ,울산·경남지역혁신플랫폼대학교육혁신본부,2022 ,교양 교과목 편성,예
아니오,X,해당없음,글로벌기업가정신,기타,활용불가,사회과학,기업가정신/경영혁신/기업성장/창업성공,45 ,450 ,울산·경남지역혁신플랫폼대학교육혁신본부,2022 ,교양 교과목 편성,예
아니오,O,AI기본개념,인공지능으로구현되는세상,기타,활용불가,공학,인공지능/4차산업혁명/스마트기술/디지털전환,45 ,450 ,울산·경남지역혁신플랫폼대학교육혁신본부,2022 ,교양 교과목 편성,예
아니오,X,해당없음,울산경남의주요자연환경과지리,기타,활용불가,자연과학,지질학/자연지리/울산경남/지질공원,45 ,450 ,울산·경남지역혁신플랫폼대학교육혁신본부,2022 ,교양 교과목 편성,예
아니오,X,해당없음,경남의역사(3개의사건을중심으로),기타,활용불가,인문학,한국사/경남역사/임진왜란/근대사,30 ,300 ,울산·경남지역혁신플랫폼대학교육혁신본부,2022 ,교양 교과목 편성,예
아니오,X,해당없음,경남전통술의문화향기,기타,활용불가,인문학,전통주/음주문화/지역문화/경상도,45 ,450 ,울산·경남지역혁신플랫폼대학교육혁신본부,2022 ,교양 교과목 편성,예
아니오,X,해당없음,울산·경남의언론정보,기타,활용불가,인문학,지역언론/울산경남/언론역사/지역문화,45 ,450 ,울산·경남지역혁신플랫폼대학교육혁신본부,2022 ,교양 교과목 편성,예
아니오,X,해당없음,경상도지역축제와디지털콘텐츠,기타,활용불가,인문학,지역축제/문화콘텐츠/지역문화/디지털콘텐츠,45 ,450 ,울산·경남지역혁신플랫폼대학교육혁신본부,2022 ,교양 교과목 편성,예
아니오,X,해당없음,과학기술영어커뮤니케이션,기타,활용불가,인문학,과학기술영어/영어커뮤니케이션/비즈니스영어/프레젠테이션,45 ,450 ,울산·경남지역혁신플랫폼대학교육혁신본부,2022 ,교양 교과목 편성,예
아니오,X,해당없음,메타휴먼과메타환경시각화,기타,활용불가,공학,메타휴먼/메타버스/가상현실/3D모델링,45 ,450 ,울산·경남지역혁신플랫폼대학교육혁신본부,2022 ,교양 교과목 편성,예
아니오,X,해당없음,협상성공기법,기타,활용불가,교양,협상/대인관계/커뮤니케이션/문제해결,45 ,450 ,울산·경남지역혁신플랫폼대학교육혁신본부,2022 ,교양 교과목 편성,예
아니오,X,해당없음,세계시민과국제개발협력,기타,활용불가,사회과학,국제개발/ODA/국제협력/세계시민,30 ,300 ,울산·경남지역혁신플랫폼대학교육혁신본부,2022 ,교양 교과목 편성,예
아니오,O,AI기본개념,빅데이터처리:공공데이터기반,기타,활용불가,정보기술,빅데이터/데이터시각화/데이터분석/머신러닝,45 ,450 ,울산·경남지역혁신플랫폼대학교육혁신본부,2022 ,교양 교과목 편성,예
아니오,X,해당없음,"환경,사회,거버넌스",기타,활용불가,사회과학,환경문제/기후위기/지속가능성/사회변화,26 ,260 ,울산·경남지역혁신플랫폼대학교육혁신본부,2022 ,교양 교과목 편성,예
아니오,X,해당없음,깨끗하고적정한에너지,기타,활용불가,융복합,대체에너지/에너지정책/기후변화/지속가능성,30 ,300 ,울산·경남지역혁신플랫폼대학교육혁신본부,2022 ,교양 교과목 편성,예
아니오,O,AI기본개념,AI핵심시선,기타,활용불가,공학,인공지능/딥러닝/머신러닝,45 ,450 ,울산·경남지역혁신플랫폼대학교육혁신본부,2022 ,교양 교과목 편성,예
아니오,X,해당없음,졸업해도계속되는영어(실무편),기타,활용불가,인문학,비즈니스영어/영어회화/영어면접/실용영어,30 ,300 ,울산·경남지역혁신플랫폼대학교육혁신본부,2022 ,교양 교과목 편성,예
아니오,X,해당없음,공학분야표현능력의향상,기타,활용불가,교양,기술보고서/논문작성/발표기술/공학커뮤니케이션,45 ,450 ,울산·경남지역혁신플랫폼대학교육혁신본부,2022 ,교양 교과목 편성,예
아니오,O,AI기본개념,인공지능을위한빅데이터의이해와활용,기타,활용불가,공학,인공지능/빅데이터/데이터분석/기계학습,45 ,450 ,울산·경남지역혁신플랫폼대학교육혁신본부,2022 ,교양 교과목 편성,예
아니오,X,해당없음,ESG기반공급사슬,기타,활용불가,사회과학,ESG경영/공급사슬/지속가능경영/기업윤리,30 ,300 ,울산·경남지역혁신플랫폼대학교육혁신본부,2022 ,교양 교과목 편성,예
아니오,O,AI기본개념,인공지능의정치사회학,기타,활용불가,사회과학,인공지능/사회변화/미래기술/사회문제,90 ,900 ,울산·경남지역혁신플랫폼대학교육혁신본부,2022 ,교양 교과목 편성,예
아니오,X,해당없음,행복한삶과아름다운죽음,기타,활용불가,교양,행복한삶/죽음/웰다잉/삶의가치,20 ,200 ,울산·경남지역혁신플랫폼대학교육혁신본부,2023 ,교양 교과목 편성,예
아니오,X,해당없음,영화의이해,기타,활용불가,인문학,영화이론/영화사조/영화분석/콘텐츠,30 ,300 ,울산·경남지역혁신플랫폼대학교육혁신본부,2023 ,교양 교과목 편성,예
아니오,X,해당없음,예술작품속의식물,기타,활용불가,예술·체육,식물디자인/예술작품/식물활용/문화상품,30 ,300 ,울산·경남지역혁신플랫폼대학교육혁신본부,2023 ,교양 교과목 편성,예
아니오,X,해당없음,동양의철학,기타,활용불가,인문학,동양철학/동양사상/철학/유학,30 ,300 ,울산·경남지역혁신플랫폼대학교육혁신본부,2023 ,교양 교과목 편성,예
아니오,X,해당없음,문학과영화,기타,활용불가,인문학,문학과영화/문화콘텐츠/영화론/대중문화,30 ,300 ,울산·경남지역혁신플랫폼대학교육혁신본부,2023 ,교양 교과목 편성,예
아니오,X,해당없음,알아두면쓸모있는신비한디스플레이사전,기타,활용불가,공학,디스플레이/OLED/LCD/반도체,30 ,300 ,울산·경남지역혁신플랫폼대학교육혁신본부,2024 ,교양 교과목 편성,예
아니오,O,AI기본개념,인공지능·빅데이터시대의사회·문화·교육,기타,활용불가,융복합,인공지능/빅데이터/사회문화/4차산업혁명,45 ,450 ,울산·경남지역혁신플랫폼대학교육혁신본부,2024 ,교양 교과목 편성,예
아니오,X,해당없음,탄소중립과환경문제의이해,기타,활용불가,융복합,탄소중립/환경문제/기후변화/지속가능성,30 ,300 ,울산·경남지역혁신플랫폼대학교육혁신본부,2024 ,교양 교과목 편성,예
아니오,X,해당없음,인문학적환경의식탐구:구체화된땅되기,기타,활용불가,융복합,환경의식/인문학/ESG/탄소중립,30 ,300 ,울산·경남지역혁신플랫폼대학교육혁신본부,2024 ,교양 교과목 편성,예
아니오,X,해당없음,스마트사회와에너지,기타,활용불가,공학,에너지기술/스마트그리드/전력시스템/모빌리티,45 ,450 ,울산·경남지역혁신플랫폼대학교육혁신본부,2024 ,교양 교과목 편성,예
아니오,X,해당없음,경남의6.25전쟁사,기타,활용불가,인문학,6.25전쟁/한국전쟁/한국사/근대사,45 ,450 ,울산·경남지역혁신플랫폼대학교육혁신본부,2024 ,교양 교과목 편성,예
아니오,X,해당없음,경제고전과현대,기타,활용불가,사회과학,경제학고전/현대경제/경제사/애덤스미스,45 ,450 ,울산·경남지역혁신플랫폼대학교육혁신본부,2024 ,교양 교과목 편성,예
아니오,X,해당없음,스마트팩토리개론,기타,활용불가,공학,스마트팩토리/생산관리/제조시스템/공장경영,30 ,300 ,울산·경남지역혁신플랫폼대학교육혁신본부,2024 ,교양 교과목 편성,예
아니오,X,해당없음,실감형메타기후시각화,기타,활용불가,융복합,기후시각화/메타버스/융합기술/환경학,45 ,450 ,울산·경남지역혁신플랫폼대학교육혁신본부,2024 ,교양 교과목 편성,예
아니오,X,해당없음,미술과문명,기타,활용불가,예술·체육,미술사/세계미술/서양미술/예술사,30 ,300 ,울산·경남지역혁신플랫폼대학교육혁신본부,2024 ,교양 교과목 편성,예
아니오,X,해당없음,광고와사회,기타,활용불가,사회과학,광고론/광고전략/미디어/소비자심리,30 ,300 ,울산·경남지역혁신플랫폼대학교육혁신본부,2024 ,교양 교과목 편성,예
아니오,X,해당없음,세계시민교육과ESG,기타,활용불가,사회과학,세계시민/ESG/국제개발협력/기후위기,45 ,450 ,울산·경남지역혁신플랫폼대학교육혁신본부,2024 ,교양 교과목 편성,예
아니오,X,해당없음,4차산업혁명과인성리더십,기타,활용불가,교양,인성리더십/자기계발/대학생활/미래설계,30 ,300 ,울산·경남지역혁신플랫폼대학교육혁신본부,2024 ,교양 교과목 편성,예
아니오,X,해당없음,디자인씽킹과소셜기업가정신,기타,활용불가,융복합,디자인씽킹/소셜벤처/사회적기업/사회적경제,30 ,300 ,울산·경남지역혁신플랫폼대학교육혁신본부,2025 ,교양 교과목 편성,예
아니오,X,해당없음,비즈니스모델과사업계획서,기타,활용불가,융복합,창업/비즈니스모델/사업계획서/창의성,30 ,300 ,울산·경남지역혁신플랫폼대학교육혁신본부,2025 ,교양 교과목 편성,예
아니오,X,해당없음,"전쟁과질병,긴악연의역사",기타,활용불가,인문학,전쟁/백신/항생제/감염증/스테로이드/화학무기/독약,42 ,1146 ,울산·경남대학원격교육지원센터,2020 ,재개발로 폐기,예
아니오,X,해당없음,이야기속재정,기타,활용불가,사회과학,예산/시장/재정,39 ,1202 ,울산·경남대학원격교육지원센터,2020 ,재개발로 폐기,예
아니오,O,디지털(생성형) AI,챗GPT가내생각을훔친다면,학부생,비교과,융복합,생성형AI영향/AI윤리/기술의양면성/저작권논란/AI규제,20 ,135 ,울산·경남대학원격교육지원센터,2023 ,GPT3버전 기준으로 제작되어 콘텐츠 노후화됨,예
아니오,O,디지털(생성형) AI,챗GPT와미래일자리,학부생,비교과,융복합,미래일자리/Web3.0/멀티모달먀/기술적응/UNSDGs,20 ,129 ,울산·경남대학원격교육지원센터,2023 ,GPT3버전 기준으로 제작되어 콘텐츠 노후화됨,예
아니오,O,디지털(생성형) AI,챗GPT어디까지써봤어?,기타,활용불가,정보기술,인공지능기초/챗GPT기능/프롬프트사용법/AI보안/AI저작권,30 ,160 ,울산·경남대학원격교육지원센터,2023 ,GPT3버전 기준으로 제작되어 콘텐츠 노후화됨,예
아니오,O,디지털(생성형) AI,챗GPT200%활용하기,학부생,비교과,정보기술,정부혁신/프롬프트디자인/플러그인활용/문서작성/콘텐츠크리에이터,20 ,130 ,울산·경남대학원격교육지원센터,2023 ,GPT3버전 기준으로 제작되어 콘텐츠 노후화됨,예
